Date,Open,High,Low,Close,Adj Close,Volume
2010-01-04,13.85,13.89,13.61,13.63,11.142762,33717736.0
2010-01-05,13.69,13.96,13.6,13.89,11.355318,56788935.0
2010-01-06,13.87,13.93,13.67,13.7,11.19999,39484800.0
2010-01-07,13.73,13.82,13.52,13.61,11.12641,61702789.0
2010-01-08,13.5,13.5,13.33,13.45,10.99561,38862703.0
2010-01-11,14.0,14.12,13.64,13.72,11.216337,53040219.0
2010-01-12,13.65,14.42,13.61,14.28,11.674148,132550764.0
2010-01-13,14.1,14.22,13.74,13.83,11.306265,110239053.0
2010-01-14,13.84,13.98,13.67,13.88,11.347141,57759243.0
2010-01-15,13.9,14.0,13.68,13.78,11.265389,45357929.0
2010-01-18,13.7,13.74,13.61,13.72,11.216337,41736268.0
2010-01-19,13.75,14.1,13.74,13.85,11.322616,58392062.0
2010-01-20,13.88,13.94,13.66,13.67,11.175462,58250697.0
2010-01-21,13.63,13.79,13.5,13.51,11.04466,52730792.0
2010-01-22,13.31,13.62,13.27,13.53,11.061009,47826556.0
2010-01-25,13.4,13.53,13.34,13.39,10.946558,20194553.0
2010-01-26,13.39,13.44,13.1,13.15,10.750352,27775617.0
2010-01-27,13.17,13.24,13.08,13.14,10.74218,22758134.0
2010-01-28,13.17,13.2,13.07,13.12,10.725828,22578031.0
2010-01-29,13.1,13.17,13.03,13.08,10.693128,24237964.0
2010-02-01,13.03,13.04,12.7,12.83,10.488749,29315296.0
2010-02-02,12.9,13.03,12.8,12.82,10.480573,23155660.0
2010-02-03,12.87,13.07,12.7,13.04,10.660424,24394349.0
2010-02-04,12.99,13.05,12.89,12.91,10.55415,21357242.0
2010-02-05,12.74,12.8,12.6,12.71,10.390646,27075536.0
2010-02-08,12.73,12.9,12.67,12.7,10.38247,15417603.0
2010-02-09,12.7,12.79,12.67,12.76,10.431522,11670445.0
2010-02-10,12.81,12.86,12.75,12.84,10.496922,12043129.0
2010-02-11,12.85,12.93,12.82,12.87,10.521449,12394212.0
2010-02-12,12.91,13.02,12.81,13.01,10.635901,20743376.0
2010-02-22,12.91,13.06,12.81,12.92,10.562324,35649992.0
2010-02-23,12.92,12.96,12.71,12.84,10.496922,15115171.0
2010-02-24,12.78,12.97,12.7,12.96,10.595024,17947980.0
2010-02-25,12.95,13.11,12.91,13.05,10.668603,28302103.0
2010-02-26,13.02,13.05,12.95,13.0,10.627726,17916428.0
2010-03-01,12.99,13.09,12.96,13.06,10.676778,19944764.0
2010-03-02,13.06,13.08,12.9,12.95,10.586849,19354856.0
2010-03-03,12.95,13.03,12.89,12.99,10.61955,20830010.0
2010-03-04,12.99,13.0,12.75,12.78,10.447874,23544208.0
2010-03-05,12.8,12.85,12.7,12.8,10.464224,15714326.0
2010-03-08,12.74,12.88,12.74,12.85,10.505099,12327399.0
2010-03-09,12.85,12.94,12.74,12.88,10.529623,16570142.0
2010-03-10,12.87,12.99,12.8,12.85,10.505099,12640180.0
2010-03-11,12.87,13.02,12.81,12.94,10.578674,23099646.0
2010-03-12,12.95,12.96,12.8,12.82,10.480573,13703660.0
2010-03-15,12.8,12.82,12.61,12.66,10.349771,17544636.0
2010-03-16,12.65,12.71,12.59,12.66,10.349771,12077469.0
2010-03-17,12.69,12.82,12.65,12.82,10.480573,16737838.0
2010-03-18,12.83,12.86,12.76,12.8,10.464224,14375778.0
2010-03-19,12.79,12.86,12.73,12.86,10.513275,13951449.0
2010-03-22,12.84,12.91,12.81,12.85,10.505099,15485822.0
2010-03-23,12.86,12.95,12.8,12.81,10.472399,14266243.0
2010-03-24,12.83,12.91,12.73,12.77,10.439697,15103125.0
2010-03-25,12.78,12.78,12.63,12.65,10.341595,14995753.0
2010-03-26,12.65,12.8,12.58,12.77,10.439697,19479652.0
2010-03-29,12.81,13.05,12.76,12.93,10.570501,37388522.0
2010-03-30,12.95,13.0,12.88,12.92,10.562324,14437673.0
2010-03-31,12.92,12.95,12.82,12.84,10.496922,12810791.0
2010-04-01,12.85,12.93,12.85,12.91,10.55415,18365085.0
2010-04-02,13.0,13.02,12.9,12.98,10.611376,22143189.0
2010-04-06,13.06,13.07,12.94,12.98,10.611376,19886313.0
2010-04-07,12.96,12.99,12.88,12.91,10.55415,14500713.0
2010-04-08,12.89,12.92,12.73,12.76,10.431522,21840657.0
2010-04-09,12.75,12.84,12.73,12.81,10.472399,14294613.0
2010-04-12,12.85,12.88,12.73,12.76,10.431522,21040084.0
2010-04-13,12.77,13.06,12.77,13.05,10.668603,55608222.0
2010-04-14,13.08,13.08,12.9,12.97,10.603201,31523978.0
2010-04-15,12.97,13.25,12.9,13.23,10.815755,62154766.0
2010-04-16,13.23,13.23,13.0,13.04,10.660424,30341311.0
2010-04-19,12.96,12.96,12.45,12.49,10.210793,41264456.0
2010-04-20,12.53,12.62,12.34,12.42,10.153567,25224783.0
2010-04-21,12.44,12.57,12.37,12.56,10.268019,26702316.0
2010-04-22,12.52,12.52,12.33,12.34,10.088165,30897955.0
2010-04-23,12.35,12.4,12.17,12.25,10.014587,26241918.0
2010-04-26,12.28,12.33,12.18,12.2,9.973711,18986950.0
2010-04-27,12.18,12.19,11.82,11.92,9.744805,26716254.0
2010-04-28,11.92,12.05,11.82,11.99,9.802032,20422881.0
2010-04-29,12.03,12.13,11.95,11.95,9.769332,16801731.0
2010-04-30,11.96,12.12,11.86,12.1,9.891961,21449390.0
2010-05-04,11.97,12.08,11.92,11.97,9.785684,15629580.0
2010-05-05,11.84,11.95,11.66,11.92,9.744805,27139209.0
2010-05-06,11.84,11.84,11.22,11.31,9.246121,27845350.0
2010-05-07,11.1,11.15,10.98,11.04,9.025393,30422808.0
2010-05-10,11.06,11.13,10.92,11.08,9.058093,21059619.0
2010-05-11,11.26,11.26,10.95,10.98,8.976341,28101686.0
2010-05-12,10.9,11.15,10.82,11.11,9.082619,17319463.0
2010-05-13,11.09,11.26,11.04,11.22,9.172546,20254142.0
2010-05-14,11.16,11.22,11.06,11.15,9.115317,12668331.0
2010-05-17,11.08,11.08,10.71,10.73,8.771962,20301107.0
2010-05-18,10.73,10.95,10.7,10.89,8.902763,22342304.0
2010-05-19,10.86,10.97,10.72,10.87,8.886414,16503154.0
2010-05-20,10.87,10.87,10.87,10.87,8.886414,0.0
2010-05-21,10.6,10.87,10.45,10.84,8.861888,24770917.0
2010-05-24,10.84,11.18,10.84,11.1,9.074444,24702119.0
2010-05-25,11.03,11.04,10.84,10.85,8.870063,14095316.0
2010-05-26,10.84,10.91,10.78,10.81,8.837362,9676295.0
2010-05-27,10.83,10.96,10.71,10.92,8.927291,13237561.0
2010-05-28,11.03,11.11,10.93,10.96,8.959991,15842989.0
2010-05-31,11.05,11.12,10.8,10.85,8.870063,19102394.0
2010-06-01,10.9,11.05,10.75,10.86,8.87824,21963651.0
2010-06-02,10.81,10.81,10.6,10.77,8.804662,20726150.0
2010-06-03,10.64,10.78,10.61,10.62,8.788137,11894361.0
2010-06-04,10.62,10.67,10.52,10.61,8.779861,10395144.0
2010-06-07,10.46,10.49,10.35,10.38,8.589535,17573250.0
2010-06-08,10.38,10.46,10.34,10.38,8.589535,10762173.0
2010-06-09,10.4,10.65,10.36,10.6,8.771585,16741208.0
2010-06-10,10.55,10.67,10.52,10.63,8.796412,14644268.0
2010-06-11,10.68,10.86,10.65,10.69,8.846063,14062386.0
2010-06-15,,,,,,
2010-06-17,10.85,10.87,10.68,10.68,8.837789,15387681.0
2010-06-18,10.68,10.84,10.58,10.58,8.755035,14751704.0
2010-06-21,10.59,10.84,10.52,10.79,8.928814,15658023.0
2010-06-22,10.77,10.83,10.7,10.76,8.903986,11181095.0
2010-06-23,10.75,10.82,10.67,10.77,8.912263,13624108.0
2010-06-24,10.77,10.86,10.72,10.76,8.903986,10074788.0
2010-06-25,10.73,10.84,10.67,10.71,8.862612,10328767.0
2010-06-28,10.7,10.75,10.61,10.67,8.829513,9154784.0
2010-06-29,10.67,10.74,10.28,10.29,8.515059,21603166.0
2010-06-30,10.26,10.38,10.21,10.25,8.481958,13823694.0
2010-07-01,10.27,10.34,10.17,10.19,8.43231,10389746.0
2010-07-02,10.18,10.35,10.15,10.33,8.548158,17284705.0
2010-07-05,10.27,10.46,10.26,10.34,8.556434,18327064.0
2010-07-06,10.34,10.5,10.29,10.43,8.630909,16130672.0
2010-07-07,10.43,10.47,10.32,10.41,8.614361,8317106.0
2010-07-08,10.45,10.47,10.33,10.38,8.589535,8873859.0
2010-07-09,10.39,10.59,10.3,10.53,8.71366,23563288.0
2010-07-12,10.52,10.57,10.39,10.52,8.705386,23579636.0
2010-07-13,10.45,10.51,10.34,10.36,8.572984,23840911.0
2010-07-14,10.39,10.49,10.34,10.41,8.614361,18674842.0
2010-07-15,10.41,10.45,10.26,10.28,8.506782,14201340.0
2010-07-16,10.27,10.28,10.1,10.21,8.448859,19829423.0
2010-07-19,10.0,10.33,9.95,10.28,8.506782,26086847.0
2010-07-20,10.25,10.44,10.22,10.44,8.639184,32183545.0
2010-07-21,10.4,10.56,10.36,10.44,8.639184,30754136.0
2010-07-22,10.4,10.56,10.37,10.49,8.680561,20022505.0
2010-07-23,10.52,10.56,10.43,10.55,8.73021,28535464.0
2010-07-26,10.55,10.6,10.43,10.56,8.738486,23576775.0
2010-07-27,10.53,10.56,10.47,10.48,8.672284,12562172.0
2010-07-28,10.48,10.68,10.45,10.66,8.821235,34428307.0
2010-07-29,10.66,10.85,10.62,10.75,8.895712,42770532.0
2010-07-30,10.73,10.76,10.6,10.71,8.862612,20443053.0
2010-08-02,10.71,10.77,10.65,10.76,8.903986,25863597.0
2010-08-03,10.82,10.86,10.62,10.62,8.788137,23115040.0
2010-08-04,10.6,10.7,10.53,10.68,8.837789,21719394.0
2010-08-05,10.67,10.68,10.53,10.55,8.73021,15806129.0
2010-08-06,10.55,10.69,10.51,10.67,8.829513,18830371.0
2010-08-09,10.65,10.7,10.59,10.69,8.846063,19349155.0
2010-08-10,10.68,10.69,10.4,10.41,8.614361,24199912.0
2010-08-11,10.38,10.45,10.34,10.39,8.59781,15053256.0
2010-08-12,10.34,10.35,10.23,10.26,8.490233,23430248.0
2010-08-13,10.27,10.34,10.23,10.32,8.539885,17743164.0
2010-08-16,10.31,10.48,10.27,10.46,8.655736,22110713.0
2010-08-17,10.46,10.49,10.38,10.43,8.630909,20549779.0
2010-08-18,10.44,10.48,10.38,10.39,8.59781,15559298.0
2010-08-19,10.4,10.66,10.38,10.58,8.755035,42578352.0
2010-08-20,10.55,10.56,10.4,10.42,8.622636,23594247.0
2010-08-23,10.4,10.46,10.3,10.35,8.56471,16374851.0
2010-08-24,10.35,10.45,10.28,10.37,8.581262,15338196.0
2010-08-25,10.3,10.36,10.22,10.23,8.465408,18173970.0
2010-08-26,10.26,10.29,10.2,10.24,8.473682,12898094.0
2010-08-27,10.25,10.35,10.19,10.31,8.53161,19588599.0
2010-08-30,10.33,10.41,10.24,10.35,8.56471,21784857.0
2010-08-31,10.35,10.35,10.24,10.28,8.506782,16597187.0
2010-09-01,10.28,10.35,10.21,10.23,8.465408,18141326.0
2010-09-02,10.31,10.34,10.26,10.31,8.53161,18379468.0
2010-09-03,10.31,10.34,10.21,10.24,8.473682,14792777.0
2010-09-06,10.3,10.4,10.26,10.39,8.59781,27928145.0
2010-09-07,10.39,10.41,10.31,10.35,8.56471,17111170.0
2010-09-08,10.34,10.34,10.24,10.29,8.515059,19105156.0
2010-09-09,10.29,10.29,10.18,10.19,8.43231,24067653.0
2010-09-10,10.21,10.23,10.12,10.18,8.424032,17065514.0
2010-09-13,10.21,10.28,10.2,10.27,8.498508,17114507.0
2010-09-14,10.28,10.3,10.2,10.25,8.481958,16496448.0
2010-09-15,10.26,10.27,10.18,10.2,8.440581,15203941.0
2010-09-16,10.1,10.1,9.98,10.0,8.407483,22692139.0
2010-09-17,10.02,10.04,9.98,9.98,8.390667,13194488.0
2010-09-20,9.99,10.02,9.93,9.98,8.390667,14582162.0
2010-09-21,9.97,10.01,9.96,9.99,8.399075,8937550.0
2010-09-27,9.99,10.01,9.95,9.99,8.399075,14912476.0
2010-09-28,10.0,10.0,9.93,9.94,8.357037,13100187.0
2010-09-29,9.94,10.18,9.94,10.05,8.449518,21751850.0
2010-09-30,10.06,10.26,10.03,10.18,8.558819,26961636.0
2010-10-08,10.26,10.56,10.26,10.47,8.802634,40556190.0
2010-10-11,10.51,10.82,10.51,10.78,9.063266,67049278.0
2010-10-12,10.79,11.16,10.66,11.15,9.374345,72053454.0
2010-10-13,11.14,11.25,10.98,11.02,9.265046,45527675.0
2010-10-14,11.32,11.37,11.15,11.34,9.534084,72316640.0
2010-10-15,11.25,11.64,11.15,11.55,9.710643,76923595.0
2010-10-18,11.52,11.77,11.38,11.4,9.584532,78555702.0
2010-10-19,11.4,11.45,11.2,11.44,9.618159,58100229.0
2010-10-20,11.2,11.45,11.11,11.26,9.466826,53081689.0
2010-10-21,11.31,11.52,11.23,11.26,9.466826,38449647.0
2010-10-22,11.22,11.26,11.08,11.12,9.34912,33825142.0
2010-10-25,11.12,11.46,11.1,11.45,9.626566,47635122.0
2010-10-26,11.74,11.95,11.48,11.56,9.719049,88607753.0
2010-10-27,11.53,11.53,11.28,11.32,9.51727,40213962.0
2010-10-28,11.32,11.44,11.24,11.29,9.492048,20246323.0
2010-10-29,11.32,11.44,11.12,11.19,9.407973,26004106.0
2010-11-01,11.22,11.41,11.22,11.39,9.576124,33349899.0
2010-11-02,11.42,11.61,11.28,11.4,9.584532,48142468.0
2010-11-03,11.4,11.6,11.3,11.47,9.643384,46838018.0
2010-11-04,11.48,11.9,11.48,11.89,9.996497,80287356.0
2010-11-05,12.15,12.25,11.9,11.99,10.080572,74393046.0
2010-11-08,12.06,12.33,12.06,12.14,10.206683,73024935.0
2010-11-09,12.17,12.17,11.69,11.82,9.937644,56817432.0
2010-11-10,11.73,12.02,11.65,11.83,9.946053,54119648.0
2010-11-11,11.87,13.01,11.8,12.74,10.711131,142109802.0
2010-11-12,12.51,13.31,12.41,12.54,10.542982,205475155.0
2010-11-15,12.54,12.85,12.1,12.38,10.408463,109501870.0
2010-11-16,12.28,12.31,11.51,11.57,9.727458,81816993.0
2010-11-17,11.2,11.62,11.02,11.35,9.542493,66210815.0
2010-11-18,11.34,11.56,11.31,11.39,9.576124,39517884.0
2010-11-19,11.46,11.47,10.9,11.28,9.483641,48545979.0
2010-11-22,11.15,11.33,11.05,11.18,9.399565,35895317.0
2010-11-23,11.11,11.16,10.75,10.86,9.130526,38140967.0
2010-11-24,10.8,11.06,10.76,10.95,9.206193,25958887.0
2010-11-25,11.08,11.21,10.95,11.18,9.399565,45426046.0
2010-11-26,11.14,11.18,10.93,10.98,9.231416,35288637.0
2010-11-29,10.94,11.01,10.83,10.97,9.223008,23754298.0
2010-11-30,10.99,11.28,10.75,11.07,9.307084,57739286.0
2010-12-01,10.98,11.13,10.81,10.97,9.223008,23971777.0
2010-12-02,11.12,11.27,11.03,11.1,9.332305,37347533.0
2010-12-03,11.13,11.36,11.04,11.24,9.450011,38915205.0
2010-12-06,11.33,11.78,11.32,11.77,9.895607,70690233.0
2010-12-07,11.64,11.85,11.47,11.78,9.904014,38781584.0
2010-12-08,11.68,11.73,11.54,11.56,9.719049,27043457.0
2010-12-09,11.54,11.65,11.27,11.38,9.567716,31602792.0
2010-12-10,11.31,11.57,11.24,11.45,9.626566,23872925.0
2010-12-13,11.52,12.05,11.41,11.95,10.046942,57103191.0
2010-12-14,11.93,11.94,11.73,11.82,9.937644,33037270.0
2010-12-15,11.79,11.88,11.68,11.71,9.845163,24578468.0
2010-12-16,11.7,11.84,11.65,11.69,9.828345,25078045.0
2010-12-17,11.67,11.7,11.48,11.56,9.719049,26240020.0
2010-12-20,11.55,11.63,11.15,11.31,9.508863,34781805.0
2010-12-21,11.38,11.58,11.33,11.52,9.685421,23467552.0
2010-12-22,11.66,11.77,11.37,11.44,9.618159,37733624.0
2010-12-23,11.44,11.53,11.38,11.4,9.584532,19696703.0
2010-12-24,11.38,11.51,11.31,11.42,9.601343,20979867.0
2010-12-27,11.41,11.6,11.12,11.16,9.38275,30387872.0
2010-12-28,11.12,11.19,10.91,11.07,9.307084,28065282.0
2010-12-29,11.08,11.19,11.04,11.07,9.307084,15824221.0
2010-12-30,11.08,11.17,10.94,11.15,9.374345,19798755.0
2010-12-31,11.06,11.23,11.05,11.22,9.433196,24855567.0
2011-01-04,11.24,11.44,11.16,11.39,9.576124,32089336.0
2011-01-05,11.24,11.31,11.18,11.24,9.450011,20908682.0
2011-01-06,11.24,11.3,11.1,11.14,9.365936,15470066.0
2011-01-07,11.12,11.35,11.07,11.18,9.399565,23750164.0
2011-01-10,11.18,11.25,11.1,11.11,9.340714,18992955.0
2011-01-11,11.11,11.3,11.02,11.23,9.441604,26846030.0
2011-01-12,11.28,11.31,11.17,11.24,9.450011,20399428.0
2011-01-13,11.29,11.49,11.2,11.39,9.576124,38490921.0
2011-01-14,11.33,11.46,11.18,11.42,9.601343,33906656.0
2011-01-17,11.4,11.52,11.23,11.4,9.584532,51463437.0
2011-01-18,11.3,11.45,11.18,11.24,9.450011,22380272.0
2011-01-19,11.24,11.41,11.2,11.37,9.559309,24959246.0
2011-01-20,11.36,11.36,10.99,11.02,9.265046,30185121.0
2011-01-21,10.97,11.27,10.92,11.12,9.34912,23196464.0
2011-01-24,11.12,11.44,11.1,11.28,9.483641,31926129.0
2011-01-25,11.24,11.37,11.15,11.19,9.407973,17355106.0
2011-01-26,11.2,11.28,11.12,11.22,9.433196,10876985.0
2011-01-27,11.17,11.42,11.13,11.36,9.5509,28711300.0
2011-01-28,11.3,11.35,11.22,11.28,9.483641,15234839.0
2011-01-31,11.33,11.45,11.28,11.42,9.601343,27665342.0
2011-02-01,11.49,11.75,11.44,11.68,9.819941,47771827.0
2011-02-09,11.53,11.66,11.42,11.46,9.634974,28191077.0
2011-02-10,11.44,11.54,11.39,11.53,9.693827,20841739.0
2011-02-11,11.51,11.52,11.4,11.45,9.626566,31472518.0
2011-02-14,11.44,11.76,11.42,11.68,9.819941,57092784.0
2011-02-15,11.65,11.9,11.6,11.71,9.845163,60993423.0
2011-02-16,11.68,11.73,11.57,11.7,9.836754,30573641.0
2011-02-17,11.73,11.84,11.61,11.69,9.828345,34459639.0
2011-02-18,11.72,11.74,11.52,11.58,9.735865,27261122.0
2011-02-21,11.62,11.75,11.51,11.71,9.845163,57834354.0
2011-02-22,11.86,11.97,11.48,11.59,9.744271,90792594.0
2011-02-23,11.58,11.59,11.4,11.45,9.626566,47703645.0
2011-02-24,11.52,11.71,11.46,11.53,9.693827,45969733.0
2011-02-25,11.5,11.52,11.33,11.41,9.592938,33122230.0
2011-02-28,11.41,11.45,11.31,11.41,9.592938,38633954.0
2011-03-01,11.41,11.47,11.36,11.45,9.626566,33791094.0
2011-03-02,11.43,11.56,11.4,11.49,9.660196,40110982.0
2011-03-03,11.56,11.75,11.47,11.65,9.794718,73427633.0
2011-03-04,11.63,11.82,11.57,11.79,9.912423,79603735.0
2011-03-07,11.81,12.24,11.8,12.1,10.173053,123394043.0
2011-03-08,12.05,12.16,11.94,12.08,10.15624,52297155.0
2011-03-09,12.07,12.11,11.98,12.0,10.088979,31441599.0
2011-03-10,12.0,12.07,11.84,11.92,10.021719,46718966.0
2011-03-11,11.82,11.98,11.78,11.84,9.954459,29967230.0
2011-03-14,11.78,11.8,11.65,11.69,9.828345,37885291.0
2011-03-15,11.62,11.68,11.4,11.54,9.702237,43637471.0
2011-03-16,11.5,11.61,11.46,11.55,9.710643,26604173.0
2011-03-17,11.5,11.8,11.45,11.64,9.786311,44138531.0
2011-03-18,11.76,11.85,11.51,11.57,9.727458,32384758.0
2011-03-21,11.73,11.86,11.68,11.75,9.878793,31611880.0
2011-03-22,11.83,11.84,11.68,11.76,9.8872,23192997.0
2011-03-23,11.8,11.81,11.72,11.79,9.912423,21581848.0
2011-03-24,11.78,12.15,11.77,11.93,10.030128,74479316.0
2011-03-25,11.91,12.02,11.9,11.94,10.038533,32846169.0
2011-03-28,11.95,12.12,11.92,11.99,10.080572,44526565.0
2011-03-29,11.95,12.11,11.73,11.87,9.979683,39306922.0
2011-03-30,11.83,12.0,11.79,11.94,10.038533,42187270.0
2011-03-31,11.93,11.95,11.74,11.9,10.004905,29105698.0
2011-04-01,11.96,12.03,11.84,12.0,10.088979,34092711.0
2011-04-06,12.02,12.17,11.97,12.15,10.215092,59458336.0
2011-04-07,12.17,12.19,12.05,12.11,10.181461,49607045.0
2011-04-08,12.1,12.22,12.07,12.17,10.231907,34986289.0
2011-04-11,12.2,12.41,12.16,12.18,10.240313,55088717.0
2011-04-12,12.11,12.2,11.88,12.05,10.131017,45220871.0
2011-04-13,11.95,12.03,11.87,12.02,10.105795,39599844.0
2011-04-14,12.02,12.1,11.93,12.02,10.105795,34691988.0
2011-04-15,12.0,12.1,11.94,12.02,10.105795,20173205.0
2011-04-18,12.0,12.23,11.98,12.11,10.181461,47624904.0
2011-04-19,12.05,12.06,11.86,11.86,9.971272,28149882.0
2011-04-20,11.94,11.98,11.83,11.9,10.004905,18346855.0
2011-04-21,11.98,12.02,11.89,11.95,10.046942,20995225.0
2011-04-22,11.95,11.99,11.87,11.89,9.996497,23127738.0
2011-04-25,11.83,11.91,11.77,11.78,9.904014,20231095.0
2011-04-26,11.8,11.86,11.66,11.72,9.853569,17356346.0
2011-04-27,11.74,11.8,11.65,11.68,9.819941,17131532.0
2011-04-28,11.76,11.82,11.66,11.68,9.819941,22522871.0
2011-04-29,11.71,11.77,11.65,11.71,9.845163,23888162.0
2011-05-03,11.71,11.74,11.61,11.72,9.853569,21903020.0
2011-05-04,11.67,11.68,11.45,11.46,9.634974,26409305.0
2011-05-05,11.42,11.5,11.35,11.4,9.584532,23701447.0
2011-05-06,11.19,11.25,11.08,11.15,9.374345,31229726.0
2011-05-09,11.15,11.22,11.1,11.15,9.374345,21941763.0
2011-05-10,11.19,11.21,11.15,11.2,9.41638,12356768.0
2011-05-11,11.2,11.23,11.16,11.18,9.399565,13109375.0
2011-05-12,11.1,11.12,11.02,11.03,9.273454,20390227.0
2011-05-13,11.08,11.15,11.0,11.13,9.357528,14827414.0
2011-05-16,11.1,11.14,11.03,11.05,9.290268,10385895.0
2011-05-17,11.05,11.09,10.98,11.02,9.265046,16110189.0
2011-05-18,,,,,,
2011-05-19,11.07,11.11,11.02,11.04,9.28186,14378682.0
2011-05-20,11.04,11.12,11.03,11.08,9.315492,11974315.0
2011-05-23,11.08,11.1,10.8,10.87,9.138932,21170651.0
2011-05-24,10.86,10.9,10.62,10.66,8.962378,27118772.0
2011-05-25,10.69,10.85,10.61,10.84,9.113711,43664784.0
2011-05-26,10.81,11.04,10.8,10.88,9.147341,19312364.0
2011-05-27,10.98,11.12,10.92,10.97,9.223008,27821521.0
2011-05-30,10.98,11.07,10.88,10.98,9.231416,17225214.0
2011-05-31,10.98,11.05,10.95,11.01,9.256639,16932499.0
2011-06-01,10.89,10.89,10.74,10.86,9.285341,22151066.0
2011-06-02,10.78,10.84,10.66,10.7,9.148541,13733571.0
2011-06-03,10.71,10.74,10.64,10.71,9.157092,12894542.0
2011-06-07,10.71,10.85,10.64,10.83,9.259691,31606677.0
2011-06-08,10.78,10.89,10.68,10.84,9.268241,15988555.0
2011-06-09,10.82,10.9,10.69,10.81,9.24259,17022495.0
2011-06-10,10.78,10.87,10.75,10.83,9.259691,15800226.0
2011-06-13,10.8,10.84,10.6,10.82,9.251143,24211111.0
2011-06-14,10.74,10.88,10.71,10.87,9.29389,22294198.0
2011-06-15,10.83,10.95,10.81,10.92,9.336641,28114195.0
2011-06-16,10.82,10.91,10.68,10.72,9.165639,13074994.0
2011-06-17,10.75,10.83,10.7,10.77,9.20839,13239581.0
2011-06-20,10.75,10.77,10.65,10.66,9.114339,10376513.0
2011-06-21,10.73,10.73,10.61,10.67,9.12289,13882627.0
2011-06-22,10.67,10.71,10.61,10.69,9.13999,12786989.0
2011-06-23,10.67,10.75,10.61,10.74,9.18274,18249952.0
2011-06-24,10.68,10.87,10.65,10.82,9.251143,41411101.0
2011-06-27,10.81,10.86,10.78,10.82,9.251143,36735423.0
2011-06-28,10.82,10.82,10.7,10.76,9.199841,20167179.0
2011-06-29,10.79,10.89,10.74,10.78,9.216939,22660954.0
2011-06-30,10.83,10.95,10.79,10.89,9.310991,21243685.0
2011-07-01,10.9,10.91,10.82,10.83,9.259691,13743454.0
2011-07-04,10.88,10.98,10.85,10.95,9.362291,33745770.0
2011-07-05,10.95,10.97,10.89,10.93,9.345193,22485210.0
2011-07-06,10.93,11.08,10.76,11.06,9.456342,60904379.0
2011-07-07,11.0,11.02,10.88,10.94,9.353743,30412995.0
2011-07-08,10.93,10.96,10.85,10.88,9.302443,16440870.0
2011-07-11,10.85,10.89,10.82,10.88,9.302443,10413797.0
2011-07-12,10.85,10.85,10.7,10.72,9.165639,17724819.0
2011-07-13,10.71,10.78,10.71,10.76,9.199841,13814315.0
2011-07-14,10.77,10.81,10.73,10.79,9.225492,16378671.0
2011-07-15,10.78,10.78,10.71,10.76,9.199841,16998382.0
2011-07-18,10.75,10.78,10.67,10.69,9.13999,28420261.0
2011-07-19,10.65,10.79,10.65,10.68,9.131442,24919713.0
2011-07-20,10.72,10.76,10.67,10.7,9.148541,17868775.0
2011-07-21,10.74,10.74,10.6,10.61,9.071589,17556318.0
2011-07-22,10.61,10.66,10.58,10.58,9.045938,18169212.0
2011-07-25,10.59,10.6,10.3,10.36,8.857838,29874695.0
2011-07-26,10.35,10.62,10.32,10.6,9.063039,25939329.0
2011-07-27,10.48,10.79,10.45,10.73,9.17419,43835509.0
2011-07-28,10.65,10.8,10.5,10.79,9.225492,29004463.0
2011-07-29,10.71,10.81,10.6,10.68,9.131442,16447935.0
2011-08-01,10.67,10.72,10.62,10.65,9.105792,7845317.0
2011-08-02,10.6,10.63,10.41,10.45,8.93479,14137204.0
2011-08-03,10.43,10.54,10.38,10.45,8.93479,16883798.0
2011-08-04,10.45,10.49,10.42,10.45,8.93479,5905215.0
2011-08-05,10.28,10.34,10.14,10.18,8.703938,24707088.0
2011-08-08,10.12,10.23,9.85,9.86,8.430338,31701761.0
2011-08-09,9.79,9.85,9.7,9.76,8.344837,32897966.0
2011-08-10,9.84,10.0,9.81,9.85,8.421789,21043748.0
2011-08-11,9.78,9.97,9.75,9.92,8.481637,14358864.0
2011-08-12,9.95,10.04,9.92,9.97,8.524388,12530326.0
2011-08-15,9.99,10.05,9.92,10.04,8.584238,11265250.0
2011-08-16,10.05,10.06,9.96,9.97,8.524388,10650513.0
2011-08-17,9.96,10.02,9.93,9.96,8.515836,7305970.0
2011-08-18,9.98,9.99,9.86,9.87,8.438887,9964981.0
2011-08-19,9.8,9.86,9.76,9.81,8.387587,12593827.0
2011-08-22,9.83,9.88,9.75,9.77,8.353387,9086921.0
2011-08-23,9.8,9.89,9.77,9.89,8.455988,7814499.0
2011-08-24,9.9,9.93,9.82,9.84,8.41324,8784925.0
2011-08-25,9.86,10.14,9.85,10.1,8.635536,20947625.0
2011-08-26,10.03,10.07,9.98,10.04,8.584238,16602612.0
2011-08-29,9.98,9.99,9.91,9.94,8.498738,10194789.0
2011-08-30,10.0,10.05,9.91,9.92,8.481637,11763658.0
2011-08-31,9.91,9.95,9.85,9.88,8.447439,11838817.0
2011-09-01,9.88,9.93,9.83,9.85,8.421789,9492098.0
2011-09-02,9.85,9.88,9.72,9.77,8.353387,11948982.0
2011-09-05,9.74,9.76,9.58,9.6,8.208036,17225076.0
2011-09-06,9.61,9.84,9.55,9.7,8.293536,13646525.0
2011-09-07,9.74,9.8,9.66,9.79,8.370487,10578069.0
2011-09-08,9.84,9.86,9.75,9.78,8.361937,9499783.0
2011-09-09,9.83,9.87,9.78,9.81,8.387587,10209821.0
2011-09-13,9.76,9.77,9.7,9.73,8.319187,10625455.0
2011-09-14,9.78,9.85,9.69,9.8,8.379037,11526037.0
2011-09-15,9.7,9.75,9.63,9.71,8.441886,12552524.0
2011-09-16,9.75,9.78,9.66,9.69,8.424499,7953875.0
2011-09-19,9.68,9.68,9.57,9.57,8.320169,6700550.0
2011-09-20,9.58,9.77,9.56,9.63,8.372334,10532433.0
2011-09-21,9.65,9.8,9.58,9.77,8.494052,14065152.0
2011-09-22,9.71,9.76,9.59,9.6,8.346251,12586180.0
2011-09-23,9.53,9.65,9.45,9.57,8.320169,13366931.0
2011-09-26,9.5,9.68,9.46,9.63,8.372334,15224160.0
2011-09-27,9.66,9.74,9.57,9.7,8.433191,11687469.0
2011-09-28,9.71,9.79,9.62,9.76,8.485356,18663110.0
2011-09-29,9.7,9.85,9.67,9.81,8.528826,19964764.0
2011-09-30,9.78,9.9,9.74,9.87,8.580992,19072583.0
2011-10-10,9.86,9.86,9.75,9.76,8.485356,8893891.0
2011-10-11,9.85,9.9,9.5,9.81,8.528826,21196929.0
2011-10-12,9.7,9.99,9.6,9.98,8.676623,27283511.0
2011-10-13,9.91,10.0,9.8,9.99,8.685319,25365190.0
2011-10-14,9.94,9.95,9.82,9.89,8.59838,9383896.0
2011-10-17,9.88,9.93,9.8,9.92,8.624461,18705314.0
2011-10-18,9.86,9.86,9.72,9.73,8.459272,10353956.0
2011-10-19,9.76,9.78,9.72,9.74,8.467967,7587255.0
2011-10-20,,,,,,
2011-10-21,9.68,9.72,9.55,9.65,8.389721,13275484.0
2011-10-24,9.65,9.86,9.63,9.83,8.546213,17523132.0
2011-10-25,9.8,9.89,9.77,9.86,8.572296,14330580.0
2011-10-26,9.83,9.92,9.81,9.88,8.589685,20670042.0
2011-10-27,9.88,9.98,9.87,9.89,8.59838,15214176.0
2011-10-28,9.96,10.03,9.91,9.98,8.676623,21270408.0
2011-10-31,9.98,9.98,9.85,9.88,8.589685,11935264.0
2011-11-01,9.85,10.02,9.84,9.89,8.59838,15669126.0
2011-11-02,9.81,9.98,9.79,9.96,8.659237,14745741.0
2011-11-03,9.96,10.03,9.92,9.96,8.659237,23091271.0
2011-11-04,10.02,10.13,10.0,10.11,8.789645,27469955.0
2011-11-07,10.08,10.15,10.03,10.04,8.728787,16386195.0
2011-11-08,10.06,10.28,10.03,10.13,8.807034,35537574.0
2011-11-09,10.19,10.28,10.1,10.19,8.859198,18157738.0
2011-11-10,10.11,10.23,10.05,10.06,8.746177,16986960.0
2011-11-11,10.1,10.16,10.05,10.09,8.772259,10278294.0
2011-11-14,10.15,10.26,10.11,10.18,8.850504,10846208.0
2011-11-15,10.16,10.2,10.09,10.12,8.798341,7343298.0
2011-11-16,10.11,10.14,9.88,9.92,8.624461,16129761.0
2011-11-17,9.92,9.95,9.89,9.91,8.615767,9407263.0
2011-11-18,9.86,9.93,9.79,9.81,8.528826,9209728.0
2011-11-21,9.8,9.81,9.76,9.79,8.511437,5870620.0
2011-11-22,9.78,9.81,9.68,9.77,8.494052,6729718.0
2011-11-23,9.78,9.8,9.69,9.7,8.433191,6153853.0
2011-11-24,9.66,9.75,9.62,9.68,8.415805,6529716.0
2011-11-25,9.68,9.7,9.63,9.65,8.389721,5577108.0
2011-11-28,9.66,9.8,9.65,9.72,8.45058,8184406.0
2011-11-29,9.74,9.78,9.71,9.77,8.494052,5866769.0
2011-11-30,9.74,9.76,9.39,9.46,8.224535,20812956.0
2011-12-01,9.6,9.75,9.55,9.59,8.33756,17419122.0
2011-12-02,9.57,9.66,9.52,9.62,8.36364,7827900.0
2011-12-05,9.67,9.67,9.55,9.66,8.398416,9500132.0
2011-12-06,9.63,9.71,9.59,9.7,8.433191,7888153.0
2011-12-07,9.7,9.73,9.64,9.7,8.433191,5475983.0
2011-12-08,9.69,9.74,9.61,9.68,8.415805,5691912.0
2011-12-09,9.66,9.73,9.64,9.66,8.398416,4907542.0
2011-12-12,9.66,9.67,9.5,9.55,8.302782,7120936.0
2011-12-13,9.53,9.68,9.48,9.56,8.311476,16616356.0
2011-12-14,9.53,9.68,9.52,9.64,8.381028,14333615.0
2011-12-15,9.57,9.6,9.5,9.51,8.268005,12447301.0
2011-12-16,9.51,9.66,9.48,9.63,8.372334,12387148.0
2011-12-19,9.57,9.66,9.35,9.63,8.372334,17721911.0
2011-12-20,9.55,9.7,9.54,9.68,8.415805,14562233.0
2011-12-21,9.69,9.79,9.65,9.7,8.433191,14970127.0
2011-12-22,9.66,9.81,9.64,9.75,8.476659,18909968.0
2011-12-23,9.76,9.89,9.71,9.83,8.546213,16530386.0
2011-12-26,9.76,9.82,9.68,9.71,8.441886,8735029.0
2011-12-27,9.71,9.77,9.59,9.68,8.415805,13877905.0
2011-12-28,9.64,9.78,9.6,9.77,8.494052,13547150.0
2011-12-29,9.75,9.83,9.73,9.79,8.511437,10822041.0
2011-12-30,9.79,9.86,9.69,9.74,8.467967,15472873.0
2012-01-04,9.79,9.88,9.69,9.75,8.476659,36254507.0
2012-01-05,9.72,9.91,9.7,9.8,8.520132,15967141.0
2012-01-06,9.89,10.04,9.88,9.96,8.659237,36455558.0
2012-01-09,9.97,10.08,9.85,10.03,8.720095,21475791.0
2012-01-10,10.01,10.15,9.98,10.12,8.798341,26763389.0
2012-01-11,10.1,10.21,10.01,10.04,8.728787,23298191.0
2012-01-12,10.02,10.07,9.98,10.06,8.746177,14945462.0
2012-01-13,10.06,10.28,10.0,10.2,8.867892,23940968.0
2012-01-16,10.17,10.25,10.06,10.09,8.772259,17911831.0
2012-01-17,10.1,10.35,10.01,10.32,8.97222,33948049.0
2012-01-18,10.3,10.33,10.1,10.22,8.885282,18285375.0
2012-01-19,10.21,10.3,10.16,10.26,8.920057,16446097.0
2012-01-20,10.27,10.31,10.22,10.26,8.920057,12898812.0
2012-01-30,10.26,10.31,10.12,10.13,8.807034,16964985.0
2012-01-31,10.13,10.22,10.13,10.21,8.876586,9633375.0
2012-02-01,10.19,10.31,10.17,10.18,8.850504,10115231.0
2012-02-02,10.2,10.25,10.14,10.21,8.876586,13392725.0
2012-02-03,10.21,10.26,10.15,10.22,8.885282,11315394.0
2012-02-06,10.24,10.26,10.18,10.23,8.893973,18529545.0
2012-02-07,10.19,10.23,10.04,10.09,8.772259,12469781.0
2012-02-08,10.14,10.34,10.08,10.26,8.920057,22234017.0
2012-02-09,10.24,10.32,10.19,10.29,8.946139,18069967.0
2012-02-10,10.25,10.31,10.21,10.31,8.963527,16578196.0
2012-02-13,10.22,10.32,10.21,10.26,8.920057,9637024.0
2012-02-14,10.25,10.32,10.22,10.24,8.902669,7100573.0
2012-02-15,10.22,10.29,10.17,10.25,8.911362,12069078.0
2012-02-16,10.26,10.29,10.14,10.17,8.84181,17644653.0
2012-02-17,10.2,10.24,10.15,10.18,8.850504,10011723.0
2012-02-20,10.24,10.34,10.23,10.29,8.946139,22613082.0
2012-02-21,10.3,10.32,10.19,10.26,8.920057,13935027.0
2012-02-22,10.26,10.28,10.2,10.27,8.928751,12462165.0
2012-02-23,10.27,10.38,10.23,10.31,8.963527,21429506.0
2012-02-24,10.35,10.45,10.3,10.43,9.067855,28099121.0
2012-02-27,10.48,10.74,10.39,10.55,9.172183,69050046.0
2012-02-28,10.53,10.69,10.46,10.6,9.215653,30061847.0
2012-02-29,10.56,10.61,10.5,10.52,9.146104,16572373.0
2012-03-01,10.46,10.54,10.42,10.44,9.076548,13798610.0
2012-03-02,10.47,10.64,10.45,10.59,9.206959,24576622.0
2012-03-05,10.55,10.61,10.45,10.47,9.102631,20420665.0
2012-03-06,10.45,10.51,10.29,10.32,8.97222,17210554.0
2012-03-07,10.29,10.45,10.26,10.28,8.937443,11585454.0
2012-03-08,10.31,10.37,10.28,10.33,8.980913,11769491.0
2012-03-09,10.34,10.36,10.25,10.33,8.980913,12334446.0
2012-03-12,10.3,10.34,10.26,10.28,8.937443,18520263.0
2012-03-13,10.25,10.39,10.25,10.37,9.015691,15836724.0
2012-03-14,10.39,10.44,10.17,10.18,8.850504,26629210.0
2012-03-15,10.18,10.3,10.16,10.23,8.893973,18326903.0
2012-03-16,10.22,10.31,10.21,10.3,8.954833,11279497.0
2012-03-19,10.32,10.33,10.22,10.26,8.920057,10674425.0
2012-03-20,10.32,10.33,10.21,10.21,8.876586,16598330.0
2012-03-21,10.2,10.25,10.03,10.1,8.780951,18985361.0
2012-03-22,10.09,10.1,10.02,10.05,8.737482,11302201.0
2012-03-23,10.05,10.07,9.98,10.04,8.728787,13012561.0
2012-03-26,10.04,10.09,10.02,10.05,8.737482,6431226.0
2012-03-27,10.06,10.08,10.0,10.03,8.720095,7840950.0
2012-03-28,10.02,10.05,9.85,9.87,8.580992,13060872.0
2012-03-29,9.87,9.9,9.67,9.71,8.441886,16807589.0
2012-03-30,9.74,9.75,9.63,9.69,8.424499,12614723.0
2012-04-05,9.69,9.73,9.61,9.72,8.45058,16620814.0
2012-04-06,9.72,9.73,9.66,9.71,8.441886,8704167.0
2012-04-09,9.7,9.71,9.6,9.62,8.36364,10933947.0
2012-04-10,9.6,9.67,9.55,9.66,8.398416,9843003.0
2012-04-11,9.63,9.7,9.57,9.7,8.433191,13284548.0
2012-04-12,9.71,9.87,9.65,9.85,8.5636,19196160.0
2012-04-13,9.85,9.85,9.77,9.81,8.528826,12539020.0
2012-04-16,9.78,9.81,9.75,9.79,8.511437,10041891.0
2012-04-17,9.79,9.84,9.75,9.79,8.511437,8793356.0
2012-04-18,9.8,9.95,9.75,9.89,8.59838,13465457.0
2012-04-19,9.86,9.91,9.83,9.87,8.580992,10822106.0
2012-04-20,9.85,9.97,9.84,9.95,8.650542,13541136.0
2012-04-23,9.94,9.95,9.85,9.85,8.5636,10450453.0
2012-04-24,9.9,10.0,9.79,9.86,8.572296,16680620.0
2012-04-25,9.83,9.95,9.8,9.92,8.624461,15911121.0
2012-04-26,9.9,9.94,9.88,9.91,8.615767,9593083.0
2012-04-27,9.9,9.96,9.89,9.93,8.633155,12413525.0
2012-05-02,9.93,10.17,9.93,10.14,8.815727,30474754.0
2012-05-03,10.13,10.15,10.06,10.11,8.789645,13226726.0
2012-05-04,10.1,10.16,10.05,10.08,8.763562,14542542.0
2012-05-07,10.05,10.07,9.9,9.98,8.676623,25222007.0
2012-05-08,9.98,9.98,9.89,9.93,8.633155,16737417.0
2012-05-09,9.9,9.91,9.7,9.73,8.459272,29083395.0
2012-05-10,9.75,9.76,9.63,9.66,8.398416,34839203.0
2012-05-11,9.67,9.68,9.62,9.66,8.398416,23095371.0
2012-05-14,9.69,9.71,9.64,9.65,8.389721,19680494.0
2012-05-15,9.63,9.63,9.53,9.6,8.346251,28884561.0
2012-05-16,9.58,9.58,9.5,9.52,8.276701,25384494.0
2012-05-17,9.53,9.66,9.51,9.61,8.354945,32440737.0
2012-05-18,9.57,9.57,9.48,9.51,8.268005,21076381.0
2012-05-21,9.51,9.55,9.48,9.52,8.276701,13367933.0
2012-05-22,9.55,9.58,9.53,9.56,8.311476,14882225.0
2012-05-23,9.56,9.56,9.56,9.56,8.311476,0.0
2012-05-24,9.52,9.55,9.49,9.51,8.268005,14202104.0
2012-05-25,9.52,9.52,9.46,9.48,8.241922,12536496.0
2012-05-28,9.46,9.6,9.43,9.56,8.311476,15248091.0
2012-05-29,9.55,9.61,9.53,9.58,8.328863,23109062.0
2012-05-30,9.58,9.58,9.49,9.55,8.302782,20905310.0
2012-05-31,9.5,9.5,9.43,9.45,8.215841,21280279.0
2012-06-01,9.45,9.5,9.43,9.46,8.224535,14627907.0
2012-06-04,9.4,9.4,9.29,9.3,8.085431,27032996.0
2012-06-05,9.33,9.36,9.31,9.33,8.111512,12355000.0
2012-06-06,9.34,9.37,9.3,9.33,8.111512,15355010.0
2012-06-07,9.28,9.28,9.13,9.13,8.080201,10462706.0
2012-06-08,9.16,9.18,9.04,9.11,8.062502,14886786.0
2012-06-11,9.11,9.27,9.09,9.21,8.151003,13946179.0
2012-06-12,9.18,9.24,9.08,9.17,8.115602,12320199.0
2012-06-13,9.17,9.2,9.1,9.19,8.133301,9609221.0
2012-06-14,9.19,9.22,9.15,9.18,8.124454,9080651.0
2012-06-15,9.19,9.25,9.18,9.21,8.151003,14483914.0
2012-06-18,9.23,9.3,9.2,9.24,8.177554,12268135.0
2012-06-19,9.24,9.24,9.17,9.19,8.133301,6239867.0
2012-06-20,9.2,9.27,9.18,9.26,8.195253,13393507.0
2012-06-21,9.22,9.23,9.11,9.12,8.071351,11662165.0
2012-06-25,9.12,9.17,9.07,9.08,8.035951,8862791.0
2012-06-26,9.07,9.07,9.01,9.04,8.000549,8687178.0
2012-06-27,9.04,9.13,9.0,9.03,7.991699,12032629.0
2012-06-28,9.04,9.06,8.98,8.98,7.947447,9789922.0
2012-06-29,8.98,9.06,8.95,9.05,8.009401,12612790.0
2012-07-02,9.11,9.11,9.03,9.06,8.01825,11491632.0
2012-07-03,9.06,9.15,9.04,9.12,8.071351,10478156.0
2012-07-04,9.15,9.17,9.05,9.07,8.027101,7884118.0
2012-07-05,9.11,9.14,9.01,9.09,8.044801,12630266.0
2012-07-06,9.11,9.12,9.01,9.11,8.062502,9827491.0
2012-07-09,9.07,9.09,8.8,8.86,7.841247,17979019.0
2012-07-10,8.84,9.08,8.81,8.96,7.929748,17642458.0
2012-07-11,8.91,9.02,8.87,8.97,7.938599,12650558.0
2012-07-12,8.98,9.03,8.75,8.93,7.903198,23698263.0
2012-07-13,8.93,8.97,8.87,8.95,7.920898,9677225.0
2012-07-16,8.95,8.98,8.88,8.91,7.885498,13049397.0
2012-07-17,8.9,8.95,8.89,8.92,7.894349,5920895.0
2012-07-18,8.9,8.95,8.89,8.93,7.903198,7877585.0
2012-07-19,8.93,9.02,8.92,9.0,7.965149,15236164.0
2012-07-20,9.0,9.01,8.94,8.98,7.947447,9511075.0
2012-07-23,8.95,8.95,8.86,8.88,7.858946,6929722.0
2012-07-24,8.86,8.91,8.84,8.86,7.841247,6909164.0
2012-07-25,8.85,8.88,8.82,8.87,7.850098,5753274.0
2012-07-26,8.86,8.89,8.81,8.82,7.805846,6609089.0
2012-07-27,8.85,8.9,8.83,8.89,7.867798,8793825.0
2012-07-30,8.89,8.9,8.82,8.85,7.832398,7585776.0
2012-07-31,8.86,8.96,8.85,8.86,7.841247,12135906.0
2012-08-01,8.88,8.93,8.87,8.91,7.885498,7058005.0
2012-08-02,8.9,8.92,8.87,8.91,7.885498,5930471.0
2012-08-03,8.9,9.03,8.88,9.02,7.98285,12010936.0
2012-08-06,9.0,9.05,9.0,9.02,7.98285,10825698.0
2012-08-07,9.02,9.04,8.99,9.01,7.974,9881843.0
2012-08-08,9.03,9.04,8.98,9.02,7.98285,11922303.0
2012-08-09,9.03,9.04,8.98,9.03,7.991699,6573422.0
2012-08-10,9.05,9.05,9.0,9.0,7.965149,6130612.0
2012-08-13,8.98,9.0,8.94,8.98,7.947447,9187256.0
2012-08-14,8.99,9.02,8.96,8.98,7.947447,6871340.0
2012-08-15,8.98,8.99,8.9,8.91,7.885498,6164066.0
2012-08-16,8.89,8.94,8.88,8.91,7.885498,3906329.0
2012-08-17,8.91,9.0,8.91,8.96,7.929748,10583312.0
2012-08-20,8.93,8.96,8.87,8.91,7.885498,5315854.0
2012-08-21,8.9,8.95,8.87,8.93,7.903198,8637289.0
2012-08-22,8.93,8.93,8.87,8.92,7.894349,6412589.0
2012-08-23,8.9,8.93,8.84,8.88,7.858946,11698670.0
2012-08-24,8.88,8.88,8.83,8.85,7.832398,8989743.0
2012-08-27,8.82,8.84,8.77,8.77,7.761596,9852385.0
2012-08-28,8.75,9.08,8.72,8.95,7.920898,26220503.0
2012-08-29,8.9,8.96,8.79,8.81,7.796996,13626163.0
2012-08-30,8.78,8.88,8.78,8.87,7.850098,7388964.0
2012-08-31,8.83,8.91,8.8,8.81,7.796996,7943930.0
2012-09-03,8.84,8.85,8.79,8.81,7.796996,12966301.0
2012-09-04,8.81,8.85,8.76,8.78,7.770446,9497865.0
2012-09-05,8.76,8.81,8.74,8.77,7.761596,5879331.0
2012-09-06,8.77,8.8,8.75,8.78,7.770446,7910344.0
2012-09-07,8.8,9.03,8.8,9.0,7.965149,26929232.0
2012-09-10,9.01,9.02,8.93,8.99,7.956299,13537179.0
2012-09-11,9.0,9.0,8.88,8.91,7.885498,11708803.0
2012-09-12,8.94,8.96,8.88,8.93,7.903198,8733703.0
2012-09-13,8.92,8.94,8.88,8.89,7.867798,7244932.0
2012-09-14,8.93,8.98,8.9,8.95,7.920898,12004187.0
2012-09-17,8.95,8.97,8.89,8.89,7.867798,10719294.0
2012-09-18,8.75,8.88,8.7,8.78,7.906066,12552501.0
2012-09-19,8.8,8.82,8.73,8.78,7.906066,9390635.0
2012-09-20,8.74,8.76,8.62,8.63,7.770998,12414761.0
2012-09-21,8.63,8.72,8.62,8.67,7.807016,10974795.0
2012-09-24,8.63,8.69,8.6,8.62,7.761993,9303101.0
2012-09-25,8.63,8.68,8.61,8.66,7.798012,7155590.0
2012-09-26,8.68,8.69,8.47,8.52,7.671947,10629779.0
2012-09-27,8.52,8.96,8.5,8.72,7.852038,17219284.0
2012-09-28,8.69,8.8,8.65,8.78,7.906066,11878868.0
2012-10-08,8.78,8.83,8.7,8.72,7.852038,7262901.0
2012-10-09,8.76,8.88,8.74,8.83,7.95109,16497803.0
2012-10-10,8.83,8.87,8.81,8.85,7.969101,7809952.0
2012-10-11,8.84,8.86,8.8,8.82,7.942086,7384329.0
2012-10-12,8.85,8.95,8.81,8.85,7.969101,10018658.0
2012-10-15,8.85,8.87,8.81,8.86,7.978104,6214819.0
2012-10-16,8.86,8.89,8.81,8.87,7.987109,9220587.0
2012-10-17,8.88,9.0,8.87,8.97,8.077155,17547449.0
2012-10-18,8.98,9.06,8.96,8.99,8.095164,21704012.0
2012-10-19,8.97,9.03,8.93,8.94,8.05014,17046593.0
2012-10-22,8.91,8.95,8.77,8.85,7.969101,32047482.0
2012-10-23,8.84,8.86,8.8,8.84,7.960094,11281205.0
2012-10-24,8.82,8.86,8.8,8.84,7.960094,8018018.0
2012-10-25,8.83,8.87,8.81,8.82,7.942086,9694506.0
2012-10-26,8.81,8.83,8.7,8.73,7.861044,14583083.0
2012-10-29,8.74,8.77,8.7,8.71,7.843034,5193112.0
2012-10-30,8.72,8.79,8.69,8.74,7.870047,10132922.0
2012-10-31,8.71,8.73,8.63,8.68,7.816021,9813241.0
2012-11-01,8.68,8.79,8.67,8.74,7.870047,14274486.0
2012-11-02,8.75,8.79,8.71,8.78,7.906066,12132447.0
2012-11-05,8.76,8.8,8.73,8.79,7.915071,13183382.0
2012-11-06,8.8,8.8,8.69,8.78,7.906066,10545472.0
2012-11-07,8.77,8.85,8.75,8.82,7.942086,9452662.0
2012-11-08,8.78,8.84,8.7,8.72,7.852038,11307299.0
2012-11-09,8.69,8.74,8.68,8.69,7.825025,7260336.0
2012-11-12,8.69,8.76,8.67,8.75,7.879055,6946852.0
2012-11-13,8.74,8.74,8.61,8.63,7.770998,9068735.0
2012-11-14,8.64,8.7,8.63,8.66,7.798012,10422996.0
2012-11-15,8.63,8.72,8.6,8.61,7.752988,11368207.0
2012-11-16,8.6,8.64,8.49,8.57,7.71697,12517279.0
2012-11-19,8.57,8.59,8.52,8.56,7.707966,6089717.0
2012-11-20,8.57,8.6,8.53,8.54,7.689955,3581627.0
2012-11-21,8.54,8.62,8.5,8.59,7.73498,9566784.0
2012-11-22,8.57,8.59,8.49,8.51,7.662943,8671324.0
2012-11-23,8.53,8.56,8.51,8.52,7.671947,5599117.0
2012-11-26,8.51,8.54,8.51,8.51,7.662943,6744399.0
2012-11-27,8.51,8.61,8.5,8.56,7.707966,12589249.0
2012-11-28,8.54,8.58,8.48,8.52,7.671947,14106831.0
2012-11-29,8.52,8.54,8.48,8.5,7.653937,6651276.0
2012-11-30,8.49,8.51,8.44,8.47,7.626924,10969777.0
2012-12-03,8.47,8.51,8.45,8.47,7.626924,7762842.0
2012-12-04,8.49,8.69,8.46,8.58,7.725975,13257481.0
2012-12-05,8.58,8.71,8.53,8.69,7.825025,37194375.0
2012-12-06,8.68,8.69,8.63,8.67,7.807016,19016985.0
2012-12-07,8.66,8.75,8.63,8.71,7.843034,20562755.0
2012-12-10,8.72,8.75,8.68,8.73,7.861044,18963966.0
2012-12-11,8.71,8.71,8.65,8.69,7.825025,12359104.0
2012-12-12,8.68,8.74,8.67,8.73,7.861044,11370474.0
2012-12-13,8.71,8.72,8.66,8.68,7.816021,7720971.0
2012-12-14,8.69,8.91,8.68,8.9,8.014123,33930156.0
2012-12-17,8.9,8.96,8.86,8.91,8.023128,30169332.0
2012-12-18,8.9,8.94,8.82,8.91,8.023128,23577568.0
2012-12-19,8.9,8.95,8.87,8.9,8.014123,20119454.0
2012-12-20,8.88,8.96,8.87,8.9,8.014123,15559434.0
2012-12-21,8.91,8.95,8.79,8.82,7.942086,19913290.0
2012-12-24,8.82,8.86,8.79,8.8,7.924077,15698647.0
2012-12-25,8.8,9.01,8.75,8.97,8.077155,36542105.0
2012-12-26,8.97,8.99,8.92,8.96,8.068151,19207178.0
2012-12-27,8.97,9.03,8.91,8.92,8.032133,19012986.0
2012-12-28,8.94,8.98,8.89,8.97,8.077155,22170215.0
2012-12-31,8.98,9.07,8.93,9.04,8.140188,38199598.0
2013-01-04,9.04,9.08,8.99,9.05,8.149193,28263007.0
2013-01-07,9.04,9.11,9.02,9.05,8.149193,31092581.0
2013-01-08,9.05,9.14,8.99,9.02,8.12218,26267837.0
2013-01-09,9.01,9.05,8.98,9.02,8.12218,18547363.0
2013-01-10,9.02,9.04,8.96,9.0,8.104169,24606582.0
2013-01-11,9.0,9.02,8.89,8.91,8.023128,20338531.0
2013-01-14,8.9,9.04,8.86,9.03,8.131183,28312396.0
2013-01-15,9.04,9.06,9.0,9.03,8.131183,25468601.0
2013-01-16,9.04,9.04,8.91,8.97,8.077155,33066404.0
2013-01-17,8.98,8.98,8.9,8.91,8.023128,16353525.0
2013-01-18,8.95,9.03,8.92,9.0,8.104169,19568114.0
2013-01-21,9.03,9.16,9.02,9.11,8.20322,47783723.0
2013-01-22,9.11,9.11,8.98,9.01,8.113173,41163828.0
2013-01-23,9.01,9.06,8.98,9.04,8.140188,23857447.0
2013-01-24,9.03,9.14,9.01,9.04,8.140188,43279283.0
2013-01-25,9.03,9.05,8.98,9.0,8.104169,18392909.0
2013-01-28,9.01,9.1,8.99,9.07,8.167201,32832561.0
2013-01-29,9.06,9.08,9.02,9.07,8.167201,30865273.0
2013-01-30,9.07,9.36,9.04,9.35,8.419333,98016015.0
2013-01-31,9.35,9.36,9.2,9.26,8.33829,55937691.0
2013-02-01,9.24,9.39,9.16,9.29,8.365304,48462847.0
2013-02-04,9.3,9.5,9.26,9.36,8.428335,60838604.0
2013-02-05,9.3,9.38,9.24,9.32,8.392317,41364492.0
2013-02-06,9.31,9.36,9.24,9.27,8.347294,33957409.0
2013-02-07,9.27,9.29,9.22,9.26,8.33829,30185696.0
2013-02-08,9.26,9.34,9.25,9.33,8.401322,37965924.0
2013-02-18,9.33,9.46,9.3,9.4,8.464355,45684344.0
2013-02-19,9.39,9.43,9.25,9.28,8.3563,31849240.0
2013-02-20,9.28,9.35,9.24,9.3,8.374309,21681703.0
2013-02-21,9.27,9.27,9.04,9.05,8.149193,35747741.0
2013-02-22,9.05,9.09,8.95,8.98,8.08616,28898742.0
2013-02-25,9.03,9.08,8.99,9.01,8.113173,18877334.0
2013-02-26,8.98,9.0,8.87,8.89,8.005118,24652660.0
2013-02-27,8.89,8.99,8.88,8.96,8.068151,20732116.0
2013-02-28,8.97,9.1,8.92,9.05,8.149193,24470160.0
2013-03-01,9.05,9.06,8.98,9.01,8.113173,16535536.0
2013-03-04,9.01,9.01,8.82,8.84,7.960094,33854939.0
2013-03-05,8.84,8.93,8.76,8.86,7.978104,25435666.0
2013-03-06,8.87,8.92,8.85,8.92,8.032133,18108714.0
2013-03-07,8.92,8.93,8.8,8.85,7.969101,28593980.0
2013-03-08,8.85,8.92,8.85,8.88,7.996114,16599617.0
2013-03-11,8.86,8.91,8.83,8.88,7.996114,9658165.0
2013-03-12,8.89,9.01,8.87,8.96,8.068151,27136760.0
2013-03-13,8.95,8.98,8.84,8.86,7.978104,21707811.0
2013-03-14,8.81,8.89,8.8,8.87,7.987109,14502087.0
2013-03-15,8.85,8.95,8.83,8.92,8.032133,22184472.0
2013-03-18,8.9,8.94,8.84,8.84,7.960094,18208796.0
2013-03-19,8.89,8.9,8.82,8.89,8.005118,13397726.0
2013-03-20,8.87,8.96,8.83,8.95,8.059145,24525076.0
2013-03-21,8.95,8.95,8.91,8.93,8.041137,17661437.0
2013-03-22,8.9,8.94,8.86,8.89,8.005118,21185694.0
2013-03-25,8.92,8.98,8.91,8.93,8.041137,24986915.0
2013-03-26,8.9,8.91,8.79,8.83,7.95109,18549608.0
2013-03-27,8.84,8.88,8.8,8.82,7.942086,12888643.0
2013-03-28,8.8,8.84,8.66,8.71,7.843034,27915204.0
2013-03-29,8.71,8.74,8.66,8.69,7.825025,11498207.0
2013-04-01,8.66,8.7,8.65,8.69,7.825025,10172484.0
2013-04-02,8.69,8.77,8.67,8.73,7.861044,10940725.0
2013-04-03,8.74,8.77,8.7,8.72,7.852038,9345109.0
2013-04-08,8.72,8.72,8.56,8.61,7.752988,16355555.0
2013-04-09,8.63,8.65,8.6,8.61,7.752988,9881312.0
2013-04-10,8.62,8.77,8.59,8.65,7.789007,15823657.0
2013-04-11,8.7,8.71,8.61,8.63,7.770998,8373118.0
2013-04-12,8.62,8.74,8.59,8.63,7.770998,14521545.0
2013-04-15,8.6,8.66,8.49,8.52,7.671947,17823448.0
2013-04-16,8.51,8.55,8.45,8.53,7.680951,12520401.0
2013-04-17,8.54,8.55,8.5,8.52,7.671947,8652742.0
2013-04-18,8.5,8.58,8.46,8.48,7.635928,17626052.0
2013-04-19,8.51,8.57,8.5,8.56,7.707966,22611114.0
2013-04-22,8.54,8.58,8.52,8.57,7.71697,13237322.0
2013-04-23,8.56,8.57,8.46,8.47,7.626924,14391974.0
2013-04-24,8.49,8.53,8.45,8.51,7.662943,12959515.0
2013-04-25,8.5,8.55,8.46,8.52,7.671947,13210382.0
2013-04-26,8.52,8.55,8.47,8.48,7.635928,14074849.0
2013-05-02,8.48,8.48,8.38,8.43,7.590906,17618490.0
2013-05-03,8.44,8.55,8.43,8.5,7.653937,15150219.0
2013-05-06,8.52,8.56,8.51,8.54,7.689955,11503017.0
2013-05-07,8.54,8.56,8.5,8.53,7.680951,13282508.0
2013-05-08,8.55,8.59,8.53,8.56,7.707966,13722302.0
2013-05-09,8.58,8.58,8.51,8.53,7.680951,8864866.0
2013-05-10,8.53,8.57,8.5,8.55,7.698962,12217965.0
2013-05-13,8.53,8.55,8.48,8.5,7.653937,11004410.0
2013-05-14,8.5,8.52,8.41,8.44,7.59991,12593585.0
2013-05-15,8.44,8.47,8.42,8.45,7.608915,7394761.0
2013-05-16,8.44,8.55,8.41,8.51,7.662943,16334544.0
2013-05-17,8.5,8.61,8.49,8.59,7.73498,24250008.0
2013-05-20,8.59,8.66,8.55,8.63,7.770998,22194626.0
2013-05-21,8.62,8.63,8.58,8.6,7.743984,12259838.0
2013-05-22,8.61,8.62,8.57,8.58,7.725975,10376186.0
2013-05-23,8.57,8.59,8.5,8.51,7.662943,13670822.0
2013-05-24,8.54,8.58,8.51,8.54,7.689955,11061539.0
2013-05-27,8.55,8.59,8.52,8.55,7.698962,11077379.0
2013-05-28,8.57,8.6,8.53,8.6,7.743984,23197641.0
2013-05-29,8.6,8.62,8.58,8.58,7.725975,20447549.0
2013-05-30,8.58,8.59,8.52,8.54,7.689955,15125525.0
2013-05-31,8.55,8.58,8.52,8.52,7.671947,10124959.0
2013-06-03,8.5,8.55,8.49,8.53,7.680951,11196137.0
2013-06-04,8.53,8.55,8.48,8.5,7.653937,15748588.0
2013-06-05,8.5,8.51,8.48,8.51,7.662943,7287613.0
2013-06-06,8.42,8.42,8.36,8.37,7.654766,9589137.0
2013-06-07,8.37,8.38,8.26,8.28,7.572456,14924306.0
2013-06-13,8.28,8.29,8.03,8.11,7.416984,25365959.0
2013-06-14,8.13,8.15,8.05,8.13,7.435275,19709786.0
2013-06-17,8.13,8.24,8.01,8.13,7.435275,22186669.0
2013-06-18,8.15,8.15,8.05,8.12,7.426129,13589955.0
2013-06-19,8.09,8.13,8.03,8.12,7.426129,11764150.0
2013-06-20,8.09,8.14,8.0,8.01,7.325529,17095255.0
2013-06-21,7.98,8.0,7.84,7.88,7.206637,22439859.0
2013-06-24,7.88,7.91,7.53,7.53,6.886547,29315543.0
2013-06-25,7.53,7.57,7.08,7.39,6.75851,43906534.0
2013-06-26,7.37,7.4,7.25,7.31,6.685346,23174892.0
2013-06-27,7.32,7.39,7.3,7.36,6.731073,21566708.0
2013-06-28,7.24,7.64,7.22,7.61,6.95971,38864388.0
2013-07-01,7.48,7.74,7.44,7.69,7.032874,34083194.0
2013-07-02,7.71,7.86,7.59,7.85,7.179202,30883700.0
2013-07-03,7.81,8.05,7.8,8.02,7.334674,39021968.0
2013-07-04,7.98,8.04,7.88,8.04,7.352965,27540507.0
2013-07-05,7.97,8.07,7.95,8.06,7.371256,20351652.0
2013-07-08,8.0,8.09,7.93,8.07,7.380402,35566971.0
2013-07-09,8.03,8.13,7.99,8.1,7.407838,25979706.0
2013-07-10,8.05,8.13,8.02,8.09,7.398693,24733297.0
2013-07-11,8.08,8.21,8.03,8.14,7.444421,44089131.0
2013-07-12,8.13,8.15,8.03,8.12,7.426129,25917018.0
2013-07-15,8.1,8.15,8.08,8.1,7.407838,14745530.0
2013-07-16,8.08,8.12,7.93,7.99,7.307238,19903186.0
2013-07-17,7.97,8.03,7.91,7.92,7.243219,17297243.0
2013-07-18,7.91,7.92,7.81,7.89,7.215783,19188355.0
2013-07-19,7.89,8.03,7.84,8.02,7.334674,32408155.0
2013-07-22,7.98,8.1,7.93,8.08,7.389548,21526169.0
2013-07-23,8.09,8.19,8.03,8.12,7.426129,24797835.0
2013-07-24,8.1,8.17,8.05,8.07,7.380402,14912570.0
2013-07-25,8.07,8.11,7.99,8.01,7.325529,18779034.0
2013-07-26,7.99,8.0,7.91,7.96,7.279801,19659664.0
2013-07-29,7.88,7.9,7.8,7.88,7.206637,17971848.0
2013-07-30,7.87,8.06,7.83,8.05,7.362111,20954053.0
2013-07-31,8.06,8.11,8.02,8.08,7.389548,14038107.0
2013-08-01,8.1,8.15,8.05,8.08,7.389548,12162789.0
2013-08-02,8.12,8.15,8.0,8.06,7.371256,15608237.0
2013-08-05,8.08,8.08,7.97,8.06,7.371256,11029552.0
2013-08-06,8.01,8.09,8.0,8.05,7.362111,9483440.0
2013-08-07,8.03,8.09,7.9,7.97,7.288947,15930538.0
2013-08-08,7.96,8.0,7.93,7.97,7.288947,9409157.0
2013-08-09,7.98,8.05,7.91,7.98,7.298092,10951324.0
2013-08-12,8.0,8.15,7.98,8.14,7.444421,25970647.0
2013-08-13,8.13,8.15,8.08,8.11,7.416984,9360530.0
2013-08-14,8.14,8.15,8.08,8.11,7.416984,12904785.0
2013-08-15,8.11,8.11,8.03,8.03,7.34382,11453760.0
2013-08-16,8.02,8.83,7.93,8.04,7.352965,46901985.0
2013-08-19,8.0,8.07,7.93,8.05,7.362111,16864551.0
2013-08-20,8.02,8.05,7.96,7.96,7.279801,11559494.0
2013-08-21,7.96,7.98,7.91,7.98,7.298092,12489653.0
2013-08-22,7.98,8.0,7.93,7.96,7.279801,10015017.0
2013-08-23,7.98,8.01,7.78,7.91,7.234074,13556875.0
2013-08-26,7.91,8.01,7.89,7.99,7.307238,12118615.0
2013-08-27,7.99,7.99,7.99,7.99,7.307238,0.0
2013-08-28,7.85,7.97,7.81,7.95,7.270656,20288561.0
2013-08-29,7.95,7.96,7.9,7.92,7.243219,11037550.0
2013-08-30,7.9,7.91,7.81,7.83,7.16091,25754394.0
2013-09-02,7.8,7.85,7.77,7.82,7.151765,18672125.0
2013-09-03,7.85,7.88,7.81,7.87,7.197492,19564990.0
2013-09-04,7.85,7.94,7.85,7.92,7.243219,15373410.0
2013-09-05,7.91,7.93,7.87,7.89,7.215783,9180410.0
2013-09-06,7.89,7.9,7.85,7.89,7.215783,14279366.0
2013-09-09,7.9,8.48,7.9,8.05,7.362111,31099510.0
2013-09-10,8.05,8.18,8.02,8.18,7.481002,43925466.0
2013-09-11,8.19,8.32,8.15,8.24,7.535875,52689221.0
2013-09-12,8.16,8.16,8.05,8.12,7.574213,27850731.0
2013-09-13,8.12,8.15,8.06,8.08,7.536901,19325013.0
2013-09-16,8.12,8.12,8.06,8.07,7.527573,16678867.0
2013-09-17,8.08,8.08,7.99,8.0,7.462278,16885990.0
2013-09-18,7.99,8.03,7.89,7.91,7.378327,20216069.0
2013-09-23,7.91,8.02,7.91,7.96,7.424968,12918291.0
2013-09-24,7.99,8.0,7.92,7.94,7.406311,12454288.0
2013-09-25,7.95,7.96,7.91,7.91,7.378327,8345974.0
2013-09-26,7.9,7.94,7.83,7.84,7.313033,12854924.0
2013-09-27,7.82,7.89,7.82,7.84,7.313033,8008764.0
2013-09-30,7.84,7.86,7.8,7.84,7.313033,10549015.0
2013-10-08,7.84,7.93,7.79,7.9,7.369,12050235.0
2013-10-09,7.89,7.9,7.83,7.87,7.341016,11305649.0
2013-10-10,7.89,7.89,7.8,7.82,7.294377,13947286.0
2013-10-11,7.86,7.9,7.82,7.88,7.350345,14301374.0
2013-10-14,7.88,7.91,7.85,7.88,7.350345,13478902.0
2013-10-15,7.88,7.9,7.86,7.88,7.350345,12776912.0
2013-10-16,7.89,7.9,7.8,7.81,7.285049,12549691.0
2013-10-17,7.83,7.86,7.8,7.81,7.285049,8940383.0
2013-10-18,7.81,7.83,7.79,7.81,7.285049,6957941.0
2013-10-21,7.81,7.85,7.77,7.84,7.313033,10756959.0
2013-10-22,7.81,7.83,7.77,7.8,7.275721,10397677.0
2013-10-23,7.82,7.83,7.7,7.71,7.191771,16062440.0
2013-10-24,7.71,7.73,7.59,7.6,7.089164,20385796.0
2013-10-25,7.61,7.62,7.5,7.51,7.005214,13918313.0
2013-10-28,7.52,7.58,7.51,7.55,7.042525,7905027.0
2013-10-29,7.56,7.69,7.53,7.61,7.098493,16057949.0
2013-10-30,7.63,7.8,7.59,7.78,7.257066,29238580.0
2013-10-31,7.79,7.85,7.76,7.84,7.313033,24554468.0
2013-11-01,7.84,7.92,7.8,7.86,7.331689,22433698.0
2013-11-04,7.88,7.88,7.76,7.83,7.303705,11729310.0
2013-11-05,7.8,7.86,7.75,7.81,7.285049,15823084.0
2013-11-06,7.79,7.99,7.78,7.91,7.378327,37263638.0
2013-11-07,7.88,7.88,7.78,7.83,7.303705,17526282.0
2013-11-08,7.82,7.84,7.74,7.76,7.23841,10975314.0
2013-11-11,7.76,7.8,7.72,7.73,7.210427,7036263.0
2013-11-12,7.74,7.79,7.72,7.77,7.247738,10766767.0
2013-11-13,7.73,7.75,7.61,7.65,7.135804,10922348.0
2013-11-14,7.65,7.7,7.63,7.64,7.126476,9373796.0
2013-11-15,7.63,7.75,7.6,7.7,7.182442,16301084.0
2013-11-18,7.74,7.85,7.7,7.84,7.313033,22181050.0
2013-11-19,7.86,7.97,7.85,7.87,7.341016,22907857.0
2013-11-20,7.91,7.93,7.85,7.9,7.369,11952520.0
2013-11-21,7.89,8.03,7.81,8.03,7.490262,33995654.0
2013-11-22,8.01,8.11,7.98,8.1,7.555557,38114527.0
2013-11-25,8.03,8.06,7.97,7.98,7.443623,16449845.0
2013-11-26,7.94,7.97,7.9,7.92,7.387655,7916705.0
2013-11-27,7.9,7.96,7.85,7.89,7.359672,14603402.0
2013-11-28,7.89,7.99,7.87,7.94,7.406311,12757297.0
2013-11-29,7.94,7.95,7.9,7.91,7.378327,9458696.0
2013-12-02,7.91,8.28,7.83,8.27,7.71413,77017326.0
2013-12-03,8.24,8.29,8.14,8.17,7.620852,46930646.0
2013-12-04,8.16,8.24,8.12,8.2,7.648834,23639155.0
2013-12-05,8.19,8.2,8.14,8.15,7.602195,14383683.0
2013-12-06,8.14,8.19,8.09,8.18,7.630179,15316361.0
2013-12-09,8.18,8.21,8.13,8.16,7.611524,14873788.0
2013-12-10,8.13,8.15,8.09,8.1,7.555557,12106508.0
2013-12-11,8.07,8.08,8.0,8.01,7.471606,12800027.0
2013-12-12,8.0,8.08,7.95,8.01,7.471606,11649512.0
2013-12-13,7.95,8.03,7.93,7.95,7.415639,10864038.0
2013-12-16,7.95,7.98,7.8,7.81,7.285049,18925379.0
2013-12-17,7.8,7.83,7.73,7.75,7.229082,16472433.0
2013-12-18,7.74,7.77,7.7,7.76,7.23841,9417722.0
2013-12-19,7.77,7.85,7.74,7.77,7.247738,14062714.0
2013-12-20,7.78,7.83,7.66,7.69,7.173115,16813560.0
2013-12-23,7.7,7.77,7.62,7.68,7.163787,9716229.0
2013-12-24,7.71,7.78,7.66,7.69,7.173115,8619301.0
2013-12-25,7.7,7.76,7.69,7.74,7.219755,7453729.0
2013-12-26,7.71,7.74,7.64,7.7,7.182442,13219494.0
2013-12-27,7.72,7.76,7.69,7.72,7.201098,10447352.0
2013-12-30,7.72,7.75,7.7,7.7,7.182442,9876758.0
2013-12-31,7.66,7.77,7.66,7.71,7.191771,12187815.0
2014-01-02,7.71,7.72,7.63,7.67,7.154459,14300273.0
2014-01-03,7.63,7.68,7.6,7.64,7.126476,12474158.0
2014-01-06,7.62,7.78,7.51,7.77,7.247738,36168627.0
2014-01-07,7.75,7.75,7.68,7.74,7.219755,11767461.0
2014-01-08,7.72,7.77,7.62,7.64,7.126476,13770594.0
2014-01-09,7.61,7.68,7.58,7.59,7.079836,9398300.0
2014-01-10,7.59,7.61,7.5,7.53,7.02387,15451062.0
2014-01-13,7.54,7.61,7.5,7.55,7.042525,12371696.0
2014-01-14,7.52,7.67,7.5,7.62,7.10782,21507255.0
2014-01-15,7.62,7.63,7.57,7.58,7.070509,6438034.0
2014-01-16,7.58,7.62,7.53,7.54,7.033197,9892134.0
2014-01-17,7.54,7.76,7.51,7.75,7.229082,45142395.0
2014-01-20,7.71,7.73,7.61,7.63,7.117148,9785146.0
2014-01-21,7.63,7.69,7.6,7.63,7.117148,6845930.0
2014-01-22,7.63,7.7,7.61,7.69,7.173115,14670507.0
2014-01-23,7.67,7.67,7.61,7.62,7.10782,9334920.0
2014-01-24,7.6,7.65,7.59,7.62,7.10782,7917304.0
2014-01-27,7.59,7.6,7.51,7.52,7.014542,11967383.0
2014-01-28,7.55,7.59,7.53,7.56,7.051853,7821578.0
2014-01-29,7.58,7.6,7.53,7.55,7.042525,8618489.0
2014-01-30,7.56,7.59,7.53,7.54,7.033197,6480008.0
2014-02-07,7.54,7.54,7.45,7.51,7.005214,13117232.0
2014-02-10,7.51,7.58,7.5,7.56,7.051853,15787162.0
2014-02-11,7.57,7.6,7.53,7.59,7.079836,21483364.0
2014-02-12,7.58,7.61,7.55,7.56,7.051853,14380037.0
2014-02-13,7.56,7.59,7.55,7.55,7.042525,14022082.0
2014-02-14,7.54,7.58,7.53,7.56,7.051853,12131150.0
2014-02-17,7.57,7.62,7.55,7.6,7.089164,18396954.0
2014-02-18,7.6,7.62,7.56,7.56,7.051853,11225082.0
2014-02-19,7.55,7.75,7.52,7.63,7.117148,29913691.0
2014-02-20,7.82,8.33,7.8,7.99,7.45295,101898414.0
2014-02-21,7.83,7.86,7.63,7.68,7.163787,48176847.0
2014-02-24,7.61,7.64,7.5,7.51,7.005214,23471935.0
2014-02-25,7.51,7.62,7.5,7.51,7.005214,24448306.0
2014-02-26,7.51,7.56,7.48,7.55,7.042525,16634188.0
2014-02-27,7.54,8.03,7.52,7.74,7.219755,63568575.0
2014-02-28,7.69,7.84,7.64,7.69,7.173115,30555191.0
2014-03-03,7.67,7.85,7.66,7.75,7.229082,31488657.0
2014-03-04,7.73,7.75,7.59,7.7,7.182442,27683525.0
2014-03-05,7.69,7.69,7.58,7.59,7.079836,15609695.0
2014-03-06,7.6,7.72,7.55,7.67,7.154459,21468536.0
2014-03-07,7.67,7.95,7.67,7.78,7.257066,45320435.0
2014-03-10,7.72,7.89,7.71,7.8,7.275721,46972149.0
2014-03-11,7.77,7.77,7.61,7.73,7.210427,26160549.0
2014-03-12,7.7,7.7,7.49,7.56,7.051853,32294769.0
2014-03-13,7.57,7.61,7.53,7.58,7.070509,15976613.0
2014-03-14,7.55,7.59,7.51,7.54,7.033197,10600419.0
2014-03-17,7.58,7.63,7.54,7.6,7.089164,11853178.0
2014-03-18,7.62,7.63,7.55,7.57,7.061181,9748900.0
2014-03-19,7.55,7.59,7.53,7.58,7.070509,11794840.0
2014-03-20,7.57,7.63,7.54,7.56,7.051853,14280740.0
2014-03-21,7.59,7.73,7.59,7.67,7.154459,36437056.0
2014-03-24,7.68,7.72,7.61,7.7,7.182442,30451057.0
2014-03-25,7.68,7.75,7.64,7.68,7.163787,23846620.0
2014-03-26,7.66,7.7,7.59,7.63,7.117148,18479857.0
2014-03-27,7.61,7.63,7.53,7.56,7.051853,22684569.0
2014-03-28,7.56,7.61,7.54,7.57,7.061181,17706039.0
2014-03-31,7.57,7.61,7.55,7.6,7.089164,12409240.0
2014-04-01,7.6,7.62,7.57,7.6,7.089164,9485243.0
2014-04-02,7.6,7.63,7.59,7.61,7.098493,12071583.0
2014-04-03,7.62,7.63,7.57,7.58,7.070509,11649410.0
2014-04-04,7.56,7.6,7.56,7.59,7.079836,9498062.0
2014-04-08,7.59,7.68,7.57,7.66,7.145131,26324214.0
2014-04-09,7.67,7.73,7.66,7.7,7.182442,21989421.0
2014-04-10,7.69,7.76,7.65,7.73,7.210427,28535331.0
2014-04-11,7.71,7.73,7.64,7.69,7.173115,20473181.0
2014-04-14,7.67,7.72,7.64,7.69,7.173115,14996741.0
2014-04-15,7.68,7.72,7.61,7.63,7.117148,20305027.0
2014-04-16,7.63,7.65,7.62,7.63,7.117148,8132706.0
2014-04-17,7.64,7.66,7.62,7.65,7.135804,10208471.0
2014-04-18,7.63,7.64,7.58,7.61,7.098493,9201821.0
2014-04-21,7.6,7.63,7.55,7.56,7.051853,10562143.0
2014-04-22,7.56,7.6,7.55,7.6,7.089164,9498150.0
2014-04-23,7.59,7.61,7.55,7.6,7.089164,13488606.0
2014-04-24,7.57,7.61,7.56,7.59,7.079836,9698822.0
2014-04-25,7.6,7.61,7.54,7.54,7.033197,9288788.0
2014-04-28,7.54,7.57,7.47,7.48,6.977231,15761395.0
2014-04-29,7.48,7.53,7.48,7.51,7.005214,9233406.0
2014-04-30,7.52,7.54,7.5,7.52,7.014542,6826579.0
2014-05-05,7.52,7.53,7.47,7.51,7.005214,9102296.0
2014-05-06,7.5,7.52,7.49,7.5,6.995885,7628407.0
2014-05-07,7.49,7.51,7.47,7.48,6.977231,8314802.0
2014-05-08,7.48,7.54,7.48,7.49,6.986558,6893707.0
2014-05-09,7.49,7.53,7.49,7.52,7.014542,8716892.0
2014-05-12,7.55,7.61,7.52,7.59,7.079836,18443727.0
2014-05-13,7.64,7.76,7.63,7.65,7.135804,29779120.0
2014-05-14,7.66,7.69,7.6,7.66,7.145131,15257396.0
2014-05-15,7.65,7.65,7.59,7.59,7.079836,8049315.0
2014-05-16,7.59,7.63,7.58,7.63,7.117148,7267871.0
2014-05-19,7.63,7.63,7.53,7.59,7.079836,9309150.0
2014-05-20,7.59,7.63,7.57,7.63,7.117148,9680160.0
2014-05-21,7.62,7.67,7.58,7.67,7.154459,11777041.0
2014-05-22,7.69,7.7,7.64,7.64,7.126476,13100634.0
2014-05-23,7.63,7.66,7.61,7.65,7.135804,8229314.0
2014-05-26,7.63,7.68,7.62,7.65,7.135804,8378946.0
2014-05-27,7.63,7.66,7.61,7.62,7.10782,8521508.0
2014-05-28,7.62,7.64,7.58,7.63,7.117148,11773096.0
2014-05-29,7.64,7.66,7.62,7.63,7.117148,9641542.0
2014-05-30,7.64,7.65,7.58,7.6,7.089164,9734079.0
2014-06-03,7.6,7.66,7.6,7.63,7.117148,10979054.0
2014-06-04,7.63,7.67,7.57,7.65,7.135804,14405735.0
2014-06-05,7.51,7.51,7.46,7.5,7.142995,10015292.0
2014-06-06,7.5,7.5,7.45,7.47,7.114421,6523204.0
2014-06-09,7.46,7.52,7.45,7.48,7.123946,7215667.0
2014-06-10,7.5,7.54,7.46,7.51,7.152519,12780857.0
2014-06-11,7.51,7.52,7.47,7.51,7.152519,11516534.0
2014-06-12,7.5,7.51,7.48,7.5,7.142995,9733423.0
2014-06-13,7.5,7.55,7.49,7.55,7.190615,16646029.0
2014-06-16,7.55,7.63,7.53,7.62,7.257282,21731538.0
2014-06-17,7.62,7.62,7.54,7.58,7.219186,14333528.0
2014-06-18,7.55,7.58,7.54,7.57,7.209662,11971365.0
2014-06-19,7.56,7.59,7.5,7.52,7.162042,15777973.0
2014-06-20,7.52,7.56,7.49,7.56,7.200138,11804750.0
2014-06-23,7.55,7.57,7.51,7.52,7.162042,6514651.0
2014-06-24,7.53,7.55,7.5,7.53,7.171566,6732394.0
2014-06-25,7.51,7.54,7.48,7.53,7.171566,12391333.0
2014-06-26,7.52,7.54,7.49,7.53,7.171566,14218091.0
2014-06-27,7.52,7.56,7.5,7.53,7.171566,12259970.0
2014-06-30,7.52,7.55,7.51,7.54,7.18109,9487420.0
2014-07-01,7.52,7.54,7.49,7.51,7.152519,12553378.0
2014-07-02,7.51,7.53,7.5,7.53,7.171566,8879037.0
2014-07-03,7.52,7.55,7.51,7.55,7.190615,10263728.0
2014-07-04,7.55,7.55,7.52,7.54,7.18109,8158014.0
2014-07-07,7.53,7.55,7.51,7.54,7.18109,8422283.0
2014-07-08,7.52,7.54,7.51,7.53,7.171566,9824088.0
2014-07-09,7.52,7.53,7.47,7.48,7.123946,15851518.0
2014-07-10,7.48,7.5,7.47,7.48,7.123946,8884492.0
2014-07-11,7.48,7.51,7.47,7.5,7.142995,8542554.0
2014-07-14,7.5,7.53,7.48,7.52,7.162042,8319613.0
2014-07-15,7.53,7.55,7.52,7.55,7.190615,15155858.0
2014-07-16,7.54,7.57,7.53,7.57,7.209662,15714148.0
2014-07-17,7.57,7.57,7.51,7.54,7.18109,11066035.0
2014-07-18,7.53,7.56,7.52,7.55,7.190615,10874548.0
2014-07-21,7.53,7.54,7.47,7.5,7.142995,13331696.0
2014-07-22,7.47,7.53,7.47,7.53,7.171566,18511830.0
2014-07-23,7.52,7.56,7.51,7.55,7.190615,20427736.0
2014-07-24,7.55,7.69,7.55,7.65,7.285854,49154103.0
2014-07-25,7.67,7.7,7.62,7.7,7.333474,25083258.0
2014-07-28,7.75,7.91,7.72,7.85,7.476334,47498642.0
2014-07-29,7.87,7.9,7.79,7.8,7.428715,27448259.0
2014-07-30,7.9,8.15,7.9,8.04,7.65729,104501728.0
2014-07-31,8.0,8.04,7.94,8.02,7.638243,26738676.0
2014-08-01,8.0,8.08,7.95,7.97,7.590621,27215272.0
2014-08-04,8.0,8.06,7.95,8.05,7.666814,29280795.0
2014-08-05,8.05,8.08,7.99,8.03,7.647766,19716064.0
2014-08-06,8.0,8.01,7.94,7.98,7.600146,25400662.0
2014-08-07,7.98,8.0,7.84,7.86,7.485858,30619262.0
2014-08-08,7.87,7.93,7.82,7.89,7.51443,21007981.0
2014-08-11,7.92,7.99,7.88,7.98,7.600146,20321393.0
2014-08-12,7.97,7.98,7.93,7.97,7.590621,18416588.0
2014-08-13,8.0,8.02,7.91,7.94,7.56205,22610806.0
2014-08-14,7.93,7.96,7.85,7.87,7.495382,19786785.0
2014-08-15,7.87,7.99,7.87,7.94,7.56205,19394377.0
2014-08-18,7.95,8.01,7.91,7.95,7.571574,20280880.0
2014-08-19,7.95,8.03,7.91,8.02,7.638243,38602440.0
2014-08-20,7.98,8.0,7.93,7.95,7.571574,26487972.0
2014-08-21,7.95,7.95,7.84,7.88,7.504906,26095054.0
2014-08-22,7.88,7.92,7.87,7.9,7.523955,17649882.0
2014-08-25,7.9,7.98,7.88,7.93,7.552526,23992510.0
2014-08-26,7.92,7.97,7.86,7.89,7.51443,18703079.0
2014-08-27,7.93,7.96,7.89,7.91,7.533478,14944234.0
2014-08-28,7.91,8.02,7.88,7.93,7.552526,34041654.0
2014-08-29,7.92,7.94,7.83,7.89,7.51443,26494342.0
2014-09-01,7.9,7.93,7.87,7.91,7.533478,17879881.0
2014-09-02,7.92,7.97,7.89,7.95,7.571574,30109575.0
2014-09-03,7.96,8.06,7.95,8.05,7.666814,48559400.0
2014-09-04,8.06,8.1,8.01,8.09,7.70491,37131461.0
2014-09-05,8.1,8.13,8.05,8.12,7.733482,33767350.0
2014-09-09,8.12,8.13,8.08,8.09,7.70491,20423800.0
2014-09-10,8.07,8.07,8.0,8.03,7.647766,23648085.0
2014-09-11,8.01,8.1,7.99,8.02,7.638243,26556696.0
2014-09-12,8.02,8.06,7.98,8.06,7.676338,20671688.0
2014-09-15,8.06,8.08,8.02,8.07,7.685862,29833563.0
2014-09-16,8.07,8.14,8.02,8.03,7.647766,42205922.0
2014-09-17,8.02,8.06,8.0,8.05,7.666814,20636167.0
2014-09-18,8.05,8.05,8.01,8.03,7.647766,26264086.0
2014-09-19,7.89,7.91,7.85,7.91,7.693968,23178958.0
2014-09-22,7.89,7.89,7.73,7.75,7.538338,31433260.0
2014-09-23,7.73,7.77,7.72,7.76,7.548066,19545838.0
2014-09-24,7.75,7.85,7.73,7.84,7.625881,28059154.0
2014-09-25,7.86,7.87,7.78,7.82,7.606427,26730630.0
2014-09-26,7.8,7.82,7.75,7.79,7.577246,18166365.0
2014-09-29,7.8,7.83,7.78,7.8,7.586974,23951614.0
2014-09-30,7.8,7.82,7.77,7.79,7.577246,23812133.0
2014-10-08,7.79,7.81,7.76,7.81,7.5967,26239880.0
2014-10-09,7.81,7.86,7.79,7.84,7.625881,34994480.0
2014-10-10,7.83,7.85,7.76,7.79,7.577246,29342883.0
2014-10-13,7.79,7.79,7.72,7.75,7.538338,27500523.0
2014-10-14,7.75,7.78,7.72,7.74,7.528612,21947527.0
2014-10-15,7.73,7.75,7.69,7.75,7.538338,25640581.0
2014-10-16,7.72,7.79,7.69,7.73,7.518885,33615399.0
2014-10-17,7.72,7.74,7.65,7.69,7.479977,27679356.0
2014-10-20,7.69,7.71,7.67,7.7,7.489704,15136179.0
2014-10-21,7.69,7.71,7.66,7.68,7.47025,13723177.0
2014-10-22,7.68,7.68,7.65,7.67,7.460524,14876894.0
2014-10-23,7.65,7.66,7.56,7.58,7.372981,28525471.0
2014-10-24,7.59,7.62,7.56,7.58,7.372981,17017276.0
2014-10-27,7.56,7.57,7.52,7.56,7.353527,16339285.0
2014-10-28,7.56,7.64,7.55,7.64,7.431343,20879613.0
2014-10-29,7.64,7.71,7.62,7.69,7.479977,26758722.0
2014-10-30,7.7,7.75,7.67,7.73,7.518885,38198884.0
2014-10-31,7.72,7.87,7.71,7.84,7.625881,76994070.0
2014-11-03,7.84,7.86,7.78,7.82,7.606427,39994723.0
2014-11-04,7.8,7.83,7.75,7.78,7.56752,40077613.0
2014-11-05,7.78,7.81,7.76,7.77,7.557793,27411268.0
2014-11-06,7.79,7.81,7.75,7.79,7.577246,20894583.0
2014-11-07,7.79,7.83,7.73,7.75,7.538338,36957058.0
2014-11-10,7.78,7.87,7.75,7.86,7.645335,49623085.0
2014-11-11,7.87,8.05,7.86,7.92,7.703696,143183439.0
2014-11-12,7.88,7.9,7.82,7.89,7.674515,52600571.0
2014-11-13,7.88,7.95,7.83,7.92,7.703696,60622443.0
2014-11-14,7.89,7.89,7.79,7.83,7.616154,43709878.0
2014-11-17,7.88,7.91,7.82,7.84,7.625881,35186973.0
2014-11-18,7.83,7.84,7.73,7.74,7.528612,39288214.0
2014-11-19,7.74,7.75,7.7,7.71,7.499431,25747130.0
2014-11-20,7.7,7.72,7.67,7.71,7.499431,20898628.0
2014-11-21,7.71,7.76,7.68,7.75,7.538338,25224723.0
2014-11-24,7.78,7.87,7.75,7.82,7.606427,59830662.0
2014-11-25,7.81,7.87,7.79,7.85,7.635607,43879091.0
2014-11-26,7.87,7.99,7.86,7.98,7.762058,88335363.0
2014-11-27,7.98,8.08,7.91,7.99,7.771783,97144183.0
2014-11-28,7.93,8.19,7.9,8.17,7.946867,180867396.0
2014-12-01,8.14,8.44,8.11,8.17,7.946867,187887394.0
2014-12-02,8.2,8.42,8.09,8.37,8.141405,184665810.0
2014-12-03,8.38,8.56,8.27,8.37,8.141405,242067820.0
2014-12-04,8.39,9.21,8.33,9.21,8.958466,440254364.0
2014-12-05,9.5,10.13,9.25,10.12,9.843612,660229324.0
2014-12-08,9.81,10.67,9.7,10.32,10.038149,463069597.0
2014-12-09,10.1,10.61,9.47,9.5,9.240543,375476654.0
2014-12-10,9.48,9.63,9.15,9.5,9.240543,221868040.0
2014-12-11,9.3,9.42,9.21,9.29,9.03628,156618981.0
2014-12-12,9.27,9.45,9.2,9.35,9.094641,145055631.0
2014-12-15,9.31,9.34,9.03,9.23,8.977918,113630066.0
2014-12-16,9.2,9.58,9.2,9.56,9.298906,191545082.0
2014-12-17,9.56,9.9,9.34,9.78,9.512897,274873463.0
2014-12-18,9.85,10.07,9.66,9.79,9.522624,214184415.0
2014-12-19,9.7,10.29,9.57,10.08,9.804703,278049014.0
2014-12-22,10.1,10.99,10.03,10.36,10.077056,344958614.0
2014-12-23,10.16,10.25,9.73,9.78,9.512897,191009161.0
2014-12-24,9.8,9.86,9.36,9.48,9.22109,156487590.0
2014-12-25,9.5,9.86,9.41,9.84,9.571259,138930148.0
2014-12-26,9.8,10.17,9.71,10.12,9.843612,173712960.0
2014-12-29,10.6,10.88,10.22,10.33,10.047874,314836829.0
2014-12-30,10.28,10.61,10.2,10.45,10.164598,197364193.0
2014-12-31,10.5,10.93,10.33,10.81,10.514767,283472825.0
2015-01-05,10.81,11.89,10.81,11.89,11.565271,372688938.0
2015-01-06,12.1,12.33,11.5,11.69,11.370732,389234903.0
2015-01-07,11.5,12.42,11.43,12.39,12.051615,329258322.0
2015-01-08,12.2,13.14,12.08,12.21,11.876532,425734786.0
2015-01-09,12.08,12.7,11.84,12.07,11.740354,297197474.0
2015-01-12,11.83,11.96,11.56,11.62,11.302643,195602393.0
2015-01-13,11.64,11.84,11.53,11.64,11.322098,133755443.0
2015-01-14,11.63,11.74,11.16,11.31,11.001111,160847524.0
2015-01-15,11.37,12.38,11.22,12.29,11.954346,249404978.0
2015-01-16,12.1,12.9,12.06,12.6,12.255879,327446100.0
2015-01-19,12.0,12.34,11.34,11.44,11.12756,343042287.0
2015-01-20,11.61,12.04,11.43,11.83,11.506908,247500975.0
2015-01-21,11.76,12.9,11.65,12.69,12.34342,351314985.0
2015-01-22,12.61,12.82,12.39,12.63,12.28506,249139322.0
2015-01-23,12.65,13.26,12.56,12.82,12.469872,311384736.0
2015-01-26,12.68,13.2,12.54,13.09,12.732498,232707550.0
2015-01-27,13.07,13.21,12.41,12.61,12.265605,252416676.0
2015-01-28,12.44,12.55,12.2,12.25,11.915438,167160586.0
2015-01-29,11.99,12.13,11.7,11.98,11.652811,182113564.0
2015-01-30,12.04,12.11,11.61,11.64,11.322098,141374048.0
2015-02-02,11.49,11.57,11.21,11.22,10.913568,134274316.0
2015-02-03,11.42,11.77,11.22,11.69,11.370732,168884648.0
2015-02-04,11.79,11.92,11.39,11.41,11.09838,161537913.0
2015-02-05,11.63,11.64,11.14,11.15,10.845481,148438560.0
2015-02-06,11.11,11.12,10.78,10.89,10.592582,129164864.0
2015-02-09,10.79,11.17,10.7,11.03,10.728758,110660468.0
2015-02-10,10.98,11.23,10.92,11.23,10.923295,87253883.0
2015-02-11,11.25,11.28,11.11,11.16,10.855207,59322742.0
2015-02-12,11.15,11.27,10.91,11.18,10.874662,78547503.0
2015-02-13,11.19,11.43,11.11,11.18,10.874662,117198101.0
2015-02-16,11.19,11.19,10.98,11.07,10.767665,102752360.0
2015-02-17,11.09,11.17,11.05,11.08,10.777391,72968924.0
2015-02-25,11.08,11.56,11.08,11.23,10.923295,199745237.0
2015-02-26,11.16,11.35,10.9,11.34,11.030293,165277605.0
2015-02-27,11.29,11.6,11.19,11.42,11.108107,196104827.0
2015-03-02,11.44,11.46,11.23,11.32,11.010837,146734546.0
2015-03-03,11.25,11.26,10.91,10.93,10.631489,192965281.0
2015-03-04,10.92,11.1,10.76,10.92,10.621761,113158533.0
2015-03-05,10.82,10.87,10.67,10.71,10.417499,109298752.0
2015-03-06,10.66,10.85,10.66,10.77,10.47586,68837346.0
2015-03-09,10.7,10.94,10.52,10.89,10.592582,119690553.0
2015-03-10,10.82,10.84,10.71,10.77,10.47586,72511933.0
2015-03-11,10.77,10.88,10.71,10.75,10.456405,78045514.0
2015-03-12,10.8,11.14,10.71,11.03,10.728758,169043739.0
2015-03-13,11.08,11.19,11.0,11.06,10.757939,112534243.0
2015-03-16,11.08,11.21,11.03,11.2,10.894114,149504394.0
2015-03-17,11.16,11.49,11.13,11.48,11.166469,259456088.0
2015-03-18,11.48,11.7,11.33,11.65,11.331824,256208025.0
2015-03-19,11.6,11.87,11.53,11.64,11.322098,222508597.0
2015-03-20,11.6,11.85,11.45,11.68,11.361007,236236351.0
2015-03-23,11.65,11.86,11.62,11.8,11.477729,238049360.0
2015-03-24,11.75,11.84,11.45,11.59,11.273463,210254488.0
2015-03-25,11.51,11.55,11.31,11.33,11.020564,163900564.0
2015-03-26,11.3,12.0,11.25,11.99,11.662539,388691470.0
2015-03-27,12.06,12.1,11.65,11.7,11.380459,241169171.0
2015-03-30,11.66,11.92,11.61,11.88,11.555545,239974198.0
2015-03-31,11.91,12.17,11.69,11.73,11.409639,276463212.0
2015-04-01,11.71,11.89,11.63,11.86,11.53609,175679724.0
2015-04-02,11.98,12.09,11.76,11.91,11.584724,221555817.0
2015-04-03,11.8,11.89,11.71,11.84,11.516637,174613920.0
2015-04-07,11.84,12.28,11.84,12.27,11.934893,358964300.0
2015-04-08,12.27,12.69,11.95,12.51,12.168338,474708142.0
2015-04-09,12.35,12.71,12.21,12.39,12.051615,323054020.0
2015-04-10,12.35,12.5,12.23,12.46,12.119704,248162048.0
2015-04-13,12.48,12.74,12.43,12.69,12.34342,273635766.0
2015-04-14,12.61,12.67,12.4,12.51,12.168338,232794803.0
2015-04-15,12.51,12.74,12.26,12.47,12.129431,293677210.0
2015-04-16,12.53,13.25,12.41,13.01,12.654681,455575963.0
2015-04-17,13.18,13.63,12.95,13.38,13.014576,560664955.0
2015-04-20,13.2,13.45,12.78,12.8,12.450418,430602870.0
2015-04-21,12.83,13.0,12.71,12.99,12.635227,240213566.0
2015-04-22,12.96,13.26,12.9,13.22,12.858948,317706282.0
2015-04-23,13.2,13.63,13.08,13.34,12.97567,415148753.0
2015-04-24,13.16,13.9,13.1,13.32,12.956214,513249956.0
2015-04-27,13.6,14.65,13.42,14.65,14.249892,629974502.0
2015-04-28,14.46,15.36,14.05,14.33,13.938631,850168259.0
2015-04-29,14.1,14.1,13.5,13.71,13.335564,370461152.0
2015-04-30,13.71,13.84,13.36,13.39,13.024302,255161144.0
2015-05-04,13.39,13.6,13.12,13.5,13.131299,220610811.0
2015-05-05,13.52,13.98,12.99,13.01,12.654681,338553067.0
2015-05-06,13.0,13.21,12.5,12.61,12.265605,247620439.0
2015-05-07,12.6,12.6,12.1,12.17,11.837624,190776491.0
2015-05-08,12.3,12.44,12.11,12.41,12.071069,172211992.0
2015-05-11,12.45,12.67,12.3,12.66,12.31424,205843393.0
2015-05-12,12.7,12.78,12.51,12.69,12.34342,193729531.0
2015-05-13,12.69,12.69,12.3,12.43,12.090523,185725373.0
2015-05-14,12.36,12.69,12.21,12.47,12.129431,207588438.0
2015-05-15,12.41,12.44,12.08,12.11,11.779263,159422190.0
2015-05-18,11.99,12.04,11.75,11.79,11.468,139756346.0
2015-05-19,11.77,12.19,11.75,12.19,11.857077,150925600.0
2015-05-20,12.18,12.43,12.11,12.17,11.837624,176444751.0
2015-05-21,12.17,12.24,12.07,12.22,11.886258,132553476.0
2015-05-22,12.28,12.73,12.27,12.64,12.294786,252557664.0
2015-05-25,12.61,12.99,12.55,12.98,12.625501,246929009.0
2015-05-26,13.07,13.1,12.75,13.05,12.69359,264892990.0
2015-05-27,13.19,13.59,13.19,13.35,12.985395,325406701.0
2015-05-28,13.23,13.24,12.1,12.2,11.866804,347162595.0
2015-05-29,12.17,12.28,11.7,11.92,11.594451,234515926.0
2015-06-01,11.92,12.44,11.84,12.4,12.061342,206188279.0
2015-06-02,12.35,12.4,12.15,12.37,12.032161,186221316.0
2015-06-03,12.37,12.56,12.21,12.35,12.012708,168860636.0
2015-06-04,12.34,12.63,11.81,12.61,12.265605,259534143.0
2015-06-05,12.66,12.9,12.51,12.82,12.469872,327034132.0
2015-06-08,12.77,13.45,12.71,13.33,12.965942,428162987.0
2015-06-09,13.21,13.29,12.93,13.18,12.820039,327958383.0
2015-06-10,13.08,13.1,12.9,12.98,12.625501,216996537.0
2015-06-11,12.96,12.98,12.71,12.91,12.557414,182365800.0
2015-06-12,13.0,13.08,12.88,12.96,12.606047,213647183.0
2015-06-15,12.98,13.06,12.58,12.6,12.255879,223867038.0
2015-06-16,12.4,12.5,12.03,12.09,11.759809,192269036.0
2015-06-17,12.15,12.33,11.94,12.28,11.944619,173834082.0
2015-06-18,12.18,12.3,11.76,11.8,11.477729,163538819.0
2015-06-19,11.71,11.95,11.1,11.17,10.864936,197947509.0
2015-06-23,11.71,11.95,10.9,11.49,11.176195,362910533.0
2015-06-24,11.55,11.87,11.45,11.82,11.497181,193141552.0
2015-06-25,11.78,11.83,11.26,11.32,11.010837,164463206.0
2015-06-26,11.15,11.37,10.27,10.53,10.242413,245942596.0
2015-06-29,10.75,11.0,9.81,10.95,10.650942,276563452.0
2015-06-30,10.77,11.35,10.42,11.33,11.020564,251346370.0
2015-07-01,11.13,11.25,10.72,10.74,10.446678,184177473.0
2015-07-02,10.8,11.8,10.2,11.68,11.361007,452276244.0
2015-07-03,11.31,12.16,11.22,11.83,11.506908,462361863.0
2015-07-06,12.3,13.01,11.95,13.01,12.654681,769667650.0
2015-07-07,13.0,14.25,12.54,13.56,13.189661,731780459.0
2015-07-08,12.4,13.4,12.2,12.33,11.993252,873562022.0
2015-07-09,11.48,13.17,11.02,12.87,12.616749,437065431.0
2015-07-10,12.39,13.79,12.1,13.09,12.832419,492499609.0
2015-07-13,12.68,12.96,12.31,12.53,12.283439,331969937.0
2015-07-14,12.23,12.53,11.82,12.29,12.048162,270624123.0
2015-07-15,12.1,13.52,12.01,13.52,13.253958,549939887.0
2015-07-16,13.52,14.1,12.68,13.4,13.136319,581416891.0
2015-07-17,13.05,13.4,12.9,13.17,12.910846,380505799.0
2015-07-20,12.9,14.05,12.8,13.73,13.459826,559375492.0
2015-07-21,13.47,13.86,13.21,13.48,13.214745,377457584.0
2015-07-22,13.25,14.0,13.22,13.63,13.361794,442769845.0
2015-07-23,13.46,13.75,13.32,13.66,13.391203,358423136.0
2015-07-24,13.54,14.11,13.53,13.68,13.41081,473956234.0
2015-07-27,13.43,13.65,12.31,12.37,12.126586,422481781.0
2015-07-28,11.83,12.86,11.52,11.87,11.636426,400822117.0
2015-07-29,11.65,11.87,11.31,11.65,11.420755,293794222.0
2015-07-30,11.6,11.85,11.38,11.73,11.499181,274002020.0
2015-07-31,11.5,11.6,10.94,11.09,10.871776,226907965.0
2015-08-03,10.88,10.95,10.53,10.58,10.371811,183054962.0
2015-08-04,10.59,10.89,10.5,10.82,10.607086,158953096.0
2015-08-05,10.8,10.89,10.61,10.63,10.420827,125702524.0
2015-08-06,10.49,10.65,10.43,10.48,10.273778,91217650.0
2015-08-07,10.57,10.76,10.51,10.67,10.460039,101491312.0
2015-08-10,10.69,11.13,10.65,11.07,10.852168,192292111.0
2015-08-11,11.06,11.3,10.89,11.15,10.930593,181876817.0
2015-08-12,10.99,11.1,10.95,10.99,10.773742,103650983.0
2015-08-13,10.99,11.06,10.8,11.01,10.793348,100427095.0
2015-08-14,11.0,11.16,10.9,10.98,10.763937,117528968.0
2015-08-17,10.91,10.95,10.76,10.81,10.597284,93895949.0
2015-08-18,10.82,11.4,10.8,11.13,10.910987,316632692.0
2015-08-19,10.88,11.06,10.5,10.79,10.577678,226135419.0
2015-08-20,10.59,10.6,10.31,10.32,10.116925,141581054.0
2015-08-21,10.15,10.51,9.96,10.0,9.803223,128401296.0
2015-08-24,9.8,10.49,9.0,9.51,9.322865,249613571.0
2015-08-25,9.08,9.62,8.56,8.56,8.39156,214238868.0
2015-08-26,8.6,8.79,8.03,8.58,8.411165,188708460.0
2015-08-27,8.56,8.8,8.4,8.78,8.607229,144269299.0
2015-08-28,8.95,9.17,8.85,9.14,8.960145,165667990.0
2015-08-31,9.0,9.03,8.71,8.94,8.764081,109078201.0
2015-09-01,9.04,9.36,9.0,9.21,9.028768,193013376.0
2015-09-02,8.8,8.98,8.66,8.75,8.577819,152899405.0
2015-09-07,8.75,8.92,8.59,8.63,8.460182,97520161.0
2015-09-08,8.59,8.77,8.4,8.7,8.528804,85961824.0
2015-09-09,8.73,9.1,8.67,9.01,8.832705,148808057.0
2015-09-10,8.85,8.98,8.81,8.84,8.666049,96554126.0
2015-09-11,8.88,8.91,8.78,8.81,8.636641,52854605.0
2015-09-14,8.87,8.89,8.45,8.5,8.33274,79215563.0
2015-09-15,8.41,8.72,8.35,8.48,8.313132,88360997.0
2015-09-16,8.46,8.91,8.3,8.76,8.587624,105103884.0
2015-09-17,8.66,8.85,8.56,8.57,8.401362,90031274.0
2015-09-18,8.55,8.58,8.4,8.42,8.314925,49351072.0
2015-09-21,8.38,8.49,8.29,8.47,8.364302,50398141.0
2015-09-22,8.51,8.63,8.48,8.55,8.443304,66349085.0
2015-09-23,8.46,8.5,8.35,8.36,8.255672,52070080.0
2015-09-24,8.37,8.42,8.34,8.4,8.295174,39336117.0
2015-09-25,8.38,8.58,8.35,8.53,8.423552,94244682.0
2015-09-28,8.49,8.51,8.34,8.43,8.3248,49029438.0
2015-09-29,8.33,8.37,8.22,8.26,8.156922,47641434.0
2015-09-30,8.27,8.31,8.22,8.23,8.127295,28206902.0
2015-10-08,8.23,8.6,8.23,8.44,8.334676,64544238.0
2015-10-09,8.46,8.55,8.4,8.52,8.413678,59280185.0
2015-10-12,8.54,8.78,8.5,8.77,8.660558,100424485.0
2015-10-13,8.66,8.7,8.62,8.68,8.57168,62600469.0
2015-10-14,8.64,8.79,8.62,8.73,8.621055,86823259.0
2015-10-15,8.69,8.83,8.66,8.82,8.709932,93173894.0
2015-10-16,8.85,9.03,8.82,8.95,8.83831,132851706.0
2015-10-19,8.96,9.08,8.85,8.9,8.788935,107808748.0
2015-10-20,8.85,8.99,8.76,8.97,8.858062,91236265.0
2015-10-21,9.0,9.09,8.62,8.92,8.808685,185126184.0
2015-10-22,8.72,8.84,8.72,8.82,8.709932,84805701.0
2015-10-23,8.8,8.85,8.76,8.83,8.719809,75521662.0
2015-10-26,8.87,9.01,8.83,8.89,8.779059,96119183.0
2015-10-27,8.84,8.85,8.68,8.81,8.700059,64998350.0
2015-10-28,8.77,8.93,8.75,8.79,8.680306,83441687.0
2015-10-29,8.81,8.88,8.78,8.82,8.709932,55365811.0
2015-10-30,8.77,8.92,8.66,8.75,8.640806,69901412.0
2015-11-02,8.66,8.73,8.52,8.53,8.423552,72050975.0
2015-11-03,8.53,8.56,8.43,8.47,8.364302,37982306.0
2015-11-04,8.48,8.75,8.48,8.74,8.630932,82773447.0
2015-11-05,8.7,9.21,8.66,8.98,8.867935,199671788.0
2015-11-06,8.94,9.16,8.85,9.1,8.98644,142950768.0
2015-11-09,9.06,9.46,9.06,9.24,9.124691,157276078.0
2015-11-10,9.18,9.34,9.08,9.26,9.144444,125169085.0
2015-11-11,9.22,9.33,9.13,9.2,9.085192,86488933.0
2015-11-12,9.21,9.21,9.04,9.11,8.996313,70945801.0
2015-11-13,9.04,9.1,8.93,8.94,8.828436,65213894.0
2015-11-16,8.85,8.99,8.82,8.98,8.867935,52982398.0
2015-11-17,9.0,9.14,8.96,9.04,8.927189,84135785.0
2015-11-18,9.03,9.17,8.92,9.05,8.937062,88825216.0
2015-11-19,9.03,9.05,8.94,9.04,8.927189,77119095.0
2015-11-20,9.02,9.03,8.95,8.99,8.877811,50086988.0
2015-11-23,8.97,9.03,8.91,8.92,8.808685,59979003.0
2015-11-24,8.91,8.92,8.82,8.91,8.79881,46292554.0
2015-11-25,8.96,9.0,8.91,8.98,8.867935,60161407.0
2015-11-26,9.0,9.02,8.95,8.97,8.858062,59862903.0
2015-11-27,8.92,8.94,8.45,8.46,8.354425,96005431.0
2015-11-30,8.45,8.51,8.3,8.4,8.295174,60963751.0
2015-12-01,8.4,8.45,8.35,8.41,8.305049,40660515.0
2015-12-02,8.4,8.67,8.33,8.64,8.53218,75711282.0
2015-12-03,8.58,8.95,8.52,8.82,8.709932,86051597.0
2015-12-04,8.75,8.77,8.51,8.58,8.472929,73344072.0
2015-12-07,8.54,8.6,8.51,8.55,8.443304,32494090.0
2015-12-08,8.45,8.47,8.36,8.38,8.275424,49953535.0
2015-12-09,8.38,8.44,8.32,8.35,8.245799,40797653.0
2015-12-10,8.36,8.39,8.3,8.33,8.226048,34599513.0
2015-12-11,8.32,8.34,8.25,8.3,8.196423,33883265.0
2015-12-14,8.26,8.44,8.23,8.43,8.3248,46332051.0
2015-12-15,8.41,8.43,8.35,8.37,8.265549,31128169.0
2015-12-16,8.44,8.57,8.44,8.46,8.354425,69301385.0
2015-12-17,8.43,8.52,8.42,8.48,8.374175,75080566.0
2015-12-18,8.47,8.56,8.44,8.48,8.374175,58596300.0
2015-12-21,8.43,8.55,8.39,8.53,8.423552,73620271.0
2015-12-22,8.52,8.56,8.48,8.52,8.413678,50951432.0
2015-12-23,8.53,8.64,8.51,8.54,8.433427,85984764.0
2015-12-24,8.57,8.6,8.44,8.48,8.374175,58327364.0
2015-12-25,8.54,8.54,8.41,8.48,8.374175,32067281.0
2015-12-28,8.5,8.54,8.37,8.37,8.265549,55537569.0
2015-12-29,8.37,8.43,8.36,8.42,8.314925,32048501.0
2015-12-30,8.43,8.45,8.37,8.41,8.305049,28609052.0
2015-12-31,8.39,8.42,8.33,8.35,8.245799,27095492.0
2016-01-04,8.35,8.38,8.11,8.13,8.028543,47720508.0
2016-01-05,8.04,8.21,7.98,8.07,7.969292,63433603.0
2016-01-06,8.09,8.33,8.05,8.31,8.206298,75100836.0
2016-01-07,8.17,8.2,7.7,7.83,7.732287,20888300.0
2016-01-08,7.96,8.07,7.74,7.99,7.890291,74852367.0
2016-01-11,7.9,7.97,7.69,7.7,7.60391,55973597.0
2016-01-12,7.66,7.84,7.6,7.76,7.663161,47167537.0
2016-01-13,7.8,7.81,7.59,7.61,7.515033,43472024.0
2016-01-14,7.5,7.65,7.43,7.63,7.534784,47428219.0
2016-01-15,7.62,7.62,7.3,7.34,7.248402,52349872.0
2016-01-18,7.14,7.34,7.1,7.27,7.179276,38355700.0
2016-01-19,7.27,7.44,7.26,7.42,7.327404,42877859.0
2016-01-20,7.37,7.55,7.27,7.46,7.366905,46859232.0
2016-01-21,7.34,7.47,7.22,7.26,7.169401,33534429.0
2016-01-22,7.32,7.35,7.18,7.33,7.238526,28710425.0
2016-01-25,7.47,7.54,7.36,7.43,7.337279,35028851.0
2016-01-26,7.33,7.34,7.04,7.08,6.991647,48112114.0
2016-01-27,7.15,7.41,6.99,7.28,7.189151,74245609.0
2016-01-28,7.19,7.63,7.1,7.44,7.347155,113452648.0
2016-01-29,7.4,7.49,7.34,7.46,7.366905,75291201.0
2016-02-01,7.4,7.4,7.19,7.25,7.159525,47818737.0
2016-02-02,7.24,7.35,7.17,7.32,7.228652,43030580.0
2016-02-03,7.21,7.26,7.11,7.22,7.1299,37465786.0
2016-02-04,7.28,7.35,7.24,7.26,7.169401,36845307.0
2016-02-05,7.29,7.3,7.22,7.23,7.139775,26956101.0
2016-02-15,7.23,7.23,7.09,7.18,7.090399,21604074.0
2016-02-16,7.21,7.36,7.19,7.35,7.258277,44786697.0
2016-02-17,7.3,7.54,7.29,7.52,7.426156,75586618.0
2016-02-18,7.54,7.54,7.42,7.43,7.337279,66232641.0
2016-02-19,7.43,7.47,7.38,7.42,7.327404,30120694.0
2016-02-22,7.45,7.55,7.43,7.53,7.436031,42859967.0
2016-02-23,7.57,7.58,7.46,7.48,7.386656,39852146.0
2016-02-24,7.45,7.6,7.42,7.53,7.436031,36077841.0
2016-02-25,7.52,7.52,7.07,7.08,6.991647,69248311.0
2016-02-26,7.13,7.35,7.1,7.26,7.169401,64139524.0
2016-02-29,7.21,7.3,7.08,7.28,7.189151,65407555.0
2016-03-01,7.23,7.34,7.17,7.32,7.228652,34079106.0
2016-03-02,7.32,7.55,7.31,7.54,7.445906,71146975.0
2016-03-03,7.5,7.6,7.46,7.58,7.485407,53766610.0
2016-03-04,7.57,7.85,7.52,7.82,7.722413,137470105.0
2016-03-07,7.75,7.85,7.73,7.78,7.682912,49994015.0
2016-03-08,7.83,7.86,7.68,7.82,7.722413,53807243.0
2016-03-09,7.7,7.82,7.48,7.8,7.702662,73103662.0
2016-03-10,7.69,7.72,7.6,7.69,7.594035,32517986.0
2016-03-11,7.6,7.71,7.56,7.69,7.594035,29608982.0
2016-03-14,7.72,7.81,7.64,7.75,7.653286,39927692.0
2016-03-15,7.78,7.82,7.7,7.79,7.692787,39703220.0
2016-03-16,7.76,7.94,7.73,7.89,7.791539,82352375.0
2016-03-17,7.89,7.91,7.82,7.88,7.781664,37373364.0
2016-03-18,7.92,7.94,7.83,7.88,7.781664,72457901.0
2016-03-21,7.88,7.9,7.82,7.85,7.752038,88362793.0
2016-03-22,7.83,7.85,7.77,7.79,7.692787,47955441.0
2016-03-23,7.79,7.81,7.74,7.78,7.682912,31238573.0
2016-03-24,7.74,7.74,7.62,7.63,7.534784,42163774.0
2016-03-25,7.63,7.65,7.56,7.63,7.534784,33624486.0
2016-03-28,7.63,7.68,7.57,7.59,7.495283,38835537.0
2016-03-29,7.58,7.61,7.46,7.48,7.386656,46606906.0
2016-03-30,7.51,7.75,7.49,7.67,7.574284,79893974.0
2016-03-31,7.65,7.68,7.6,7.61,7.515033,46671864.0
2016-04-01,7.58,7.68,7.51,7.66,7.564409,57441359.0
2016-04-05,7.66,7.68,7.56,7.66,7.564409,49314369.0
2016-04-06,7.64,7.83,7.63,7.7,7.60391,83998180.0
2016-04-07,7.72,7.73,7.58,7.61,7.515033,48421680.0
2016-04-08,7.58,7.59,7.49,7.52,7.426156,38597504.0
2016-04-11,7.56,7.66,7.55,7.64,7.544658,51481125.0
2016-04-12,7.65,7.68,7.62,7.65,7.554534,36059951.0
2016-04-13,7.7,7.84,7.69,7.79,7.692787,85861289.0
2016-04-14,7.84,7.85,7.74,7.77,7.673036,40295730.0
2016-04-15,7.8,7.8,7.72,7.75,7.653286,24313788.0
2016-04-18,7.68,7.68,7.56,7.59,7.495283,34382036.0
2016-04-19,7.63,7.66,7.56,7.65,7.554534,27505498.0
2016-04-20,7.65,7.69,7.43,7.59,7.495283,63591807.0
2016-04-21,7.52,7.64,7.52,7.57,7.475532,36131209.0
2016-04-22,7.53,7.63,7.5,7.58,7.485407,25101957.0
2016-04-25,7.55,7.58,7.47,7.56,7.465657,20461462.0
2016-04-26,7.58,7.58,7.49,7.54,7.445906,18084995.0
2016-04-27,7.56,7.59,7.52,7.53,7.436031,20805770.0
2016-04-28,7.54,7.58,7.47,7.53,7.436031,22256871.0
2016-04-29,7.45,7.49,7.38,7.42,7.327404,37414278.0
2016-05-03,7.42,7.51,7.39,7.51,7.416281,29245563.0
2016-05-04,7.48,7.51,7.43,7.46,7.366905,21305853.0
2016-05-05,7.45,7.48,7.42,7.46,7.366905,17745527.0
2016-05-06,7.46,7.46,7.34,7.34,7.248402,32726175.0
2016-05-09,7.32,7.32,7.18,7.2,7.110149,34754111.0
2016-05-10,7.18,7.22,7.16,7.19,7.100274,13713153.0
2016-05-11,7.21,7.25,7.18,7.22,7.1299,14851902.0
2016-05-12,7.21,7.21,7.14,7.2,7.110149,17221805.0
2016-05-13,7.2,7.25,7.16,7.19,7.100274,21040632.0
2016-05-16,7.17,7.2,7.12,7.2,7.110149,13220329.0
2016-05-17,7.21,7.25,7.2,7.24,7.14965,17886829.0
2016-05-18,7.21,7.22,7.11,7.2,7.110149,28808330.0
2016-05-19,7.18,7.23,7.15,7.18,7.090399,16951884.0
2016-05-20,7.17,7.21,7.15,7.21,7.120025,8715582.0
2016-05-23,7.21,7.23,7.19,7.2,7.110149,10559126.0
2016-05-24,7.19,7.22,7.15,7.22,7.1299,14916983.0
2016-05-25,7.22,7.24,7.19,7.19,7.100274,11116979.0
2016-05-26,7.21,7.25,7.15,7.22,7.1299,14301584.0
2016-05-27,7.21,7.22,7.17,7.2,7.110149,9075211.0
2016-05-30,7.22,7.24,7.17,7.23,7.139775,13372905.0
2016-05-31,7.22,7.38,7.21,7.37,7.278028,39531789.0
2016-06-01,7.36,7.37,7.32,7.32,7.228652,22588179.0
2016-06-02,7.33,7.34,7.3,7.33,7.238526,11668389.0
2016-06-03,7.34,7.38,7.3,7.36,7.268153,24646842.0
2016-06-06,7.35,7.36,7.32,7.34,7.248402,10535149.0
2016-06-07,7.35,7.35,7.31,7.33,7.238526,7962843.0
2016-06-08,7.32,7.32,7.27,7.3,7.233434,13098401.0
2016-06-13,7.3,7.39,7.18,7.19,7.124437,24259258.0
2016-06-14,7.19,7.21,7.17,7.19,7.124437,12560103.0
2016-06-15,7.16,7.23,7.13,7.22,7.154164,15492888.0
2016-06-16,7.18,7.21,7.15,7.17,7.10462,18759101.0
2016-06-17,7.17,7.25,7.16,7.2,7.134346,18670906.0
2016-06-20,7.2,7.22,7.17,7.21,7.144255,10036464.0
2016-06-21,7.21,7.25,7.18,7.19,7.124437,13018254.0
2016-06-22,7.19,7.22,7.18,7.22,7.154164,10138443.0
2016-06-23,7.22,7.23,7.16,7.18,7.114528,11776825.0
2016-06-24,7.19,7.21,7.08,7.12,7.055076,29130368.0
2016-06-27,7.08,7.16,7.08,7.14,7.074893,15491090.0
2016-06-28,7.13,7.19,7.12,7.19,7.124437,17433718.0
2016-06-29,7.19,7.23,7.18,7.22,7.154164,17209156.0
2016-06-30,7.22,7.24,7.21,7.23,7.164073,16572047.0
2016-07-01,7.22,7.24,7.19,7.22,7.154164,17463787.0
2016-07-04,7.21,7.29,7.2,7.29,7.223526,26733964.0
2016-07-05,7.29,7.31,7.26,7.3,7.233434,23300066.0
2016-07-06,7.26,7.28,7.21,7.27,7.203708,21980553.0
2016-07-07,7.26,7.3,7.23,7.29,7.223526,21218964.0
2016-07-08,7.26,7.27,7.23,7.25,7.18389,13207612.0
2016-07-11,7.24,7.31,7.23,7.28,7.213617,25484576.0
2016-07-12,7.27,7.38,7.25,7.37,7.302796,49131342.0
2016-07-13,7.37,7.44,7.35,7.41,7.342431,37263556.0
2016-07-14,7.38,7.4,7.35,7.37,7.302796,19200859.0
2016-07-15,7.37,7.41,7.36,7.38,7.312705,17813548.0
2016-07-18,7.37,7.4,7.35,7.38,7.312705,18094111.0
2016-07-19,7.36,7.37,7.32,7.35,7.282979,14914925.0
2016-07-20,7.33,7.37,7.32,7.32,7.253252,12113542.0
2016-07-21,7.32,7.37,7.31,7.34,7.273069,11994291.0
2016-07-22,7.34,7.34,7.28,7.29,7.223526,15962080.0
2016-07-25,7.29,7.31,7.26,7.28,7.213617,10728130.0
2016-07-26,7.28,7.33,7.28,7.33,7.263161,11168554.0
2016-07-27,7.33,7.34,7.19,7.23,7.164073,28483426.0
2016-07-28,7.22,7.23,7.19,7.22,7.154164,18958830.0
2016-07-29,7.21,7.23,7.2,7.22,7.154164,11617021.0
2016-08-01,7.21,7.23,7.17,7.22,7.154164,13395195.0
2016-08-02,7.2,7.24,7.19,7.24,7.173981,12309289.0
2016-08-03,7.21,7.23,7.19,7.22,7.154164,10374929.0
2016-08-04,7.23,7.24,7.19,7.24,7.173981,12408410.0
2016-08-05,7.23,7.25,7.21,7.24,7.173981,12971914.0
2016-08-08,7.24,7.26,7.21,7.26,7.193799,15223014.0
2016-08-09,7.26,7.29,7.22,7.28,7.213617,16470023.0
2016-08-10,7.28,7.29,7.26,7.27,7.203708,11481641.0
2016-08-11,7.27,7.3,7.26,7.3,7.233434,22607484.0
2016-08-12,7.3,7.35,7.27,7.34,7.273069,29687776.0
2016-08-15,7.35,7.46,7.33,7.45,7.382066,54969999.0
2016-08-16,7.45,7.46,7.4,7.42,7.35234,33481336.0
2016-08-17,7.42,7.44,7.4,7.42,7.35234,20291614.0
2016-08-18,7.41,7.44,7.38,7.39,7.322613,21412131.0
2016-08-19,7.41,7.46,7.39,7.41,7.342431,27988030.0
2016-08-22,7.41,7.45,7.4,7.42,7.35234,24902354.0
2016-08-23,7.41,7.43,7.39,7.42,7.35234,18715607.0
2016-08-24,7.41,7.44,7.4,7.43,7.362248,14867615.0
2016-08-25,7.41,7.42,7.37,7.41,7.342431,23713080.0
2016-08-26,7.4,7.43,7.39,7.4,7.332522,16373311.0
2016-08-29,7.39,7.43,7.37,7.42,7.35234,16382167.0
2016-08-30,7.42,7.52,7.39,7.49,7.421701,45669983.0
2016-08-31,7.49,7.54,7.47,7.54,7.471246,35517025.0
2016-09-01,7.52,7.54,7.48,7.49,7.421701,23787658.0
2016-09-02,7.48,7.5,7.45,7.47,7.401884,15672692.0
2016-09-05,7.47,7.52,7.45,7.5,7.431611,17818805.0
2016-09-06,7.49,7.5,7.46,7.49,7.421701,13599174.0
2016-09-07,7.48,7.51,7.47,7.49,7.421701,16613192.0
2016-09-08,7.5,7.5,7.45,7.46,7.391975,11017031.0
2016-09-09,7.47,7.48,7.4,7.42,7.35234,17406500.0
2016-09-12,7.37,7.38,7.26,7.31,7.243343,35806293.0
2016-09-13,7.3,7.31,7.26,7.29,7.223526,19273138.0
2016-09-14,7.27,7.3,7.26,7.28,7.213617,19195172.0
2016-09-19,7.28,7.29,7.26,7.28,7.213617,20736914.0
2016-09-20,7.28,7.28,7.25,7.27,7.203708,13226799.0
2016-09-21,7.26,7.26,7.23,7.26,7.214948,8671159.0
2016-09-22,7.27,7.28,7.26,7.26,7.214948,16954596.0
2016-09-23,7.27,7.28,7.25,7.27,7.224886,11294864.0
2016-09-26,7.25,7.25,7.18,7.19,7.145382,25311402.0
2016-09-27,7.19,7.22,7.16,7.21,7.165258,14626784.0
2016-09-28,7.21,7.21,7.18,7.19,7.145382,8017825.0
2016-09-29,7.23,7.27,7.23,7.23,7.185133,18350651.0
2016-09-30,7.23,7.24,7.21,7.22,7.175196,14029480.0
2016-10-10,7.22,7.33,7.22,7.29,7.244761,24455416.0
2016-10-11,7.31,7.33,7.29,7.31,7.264637,18689622.0
2016-10-12,7.29,7.31,7.28,7.3,7.2547,13139225.0
2016-10-13,7.3,7.31,7.27,7.28,7.234824,13214875.0
2016-10-14,7.28,7.3,7.26,7.3,7.2547,17225456.0
2016-10-17,7.29,7.3,7.25,7.26,7.214948,16207562.0
2016-10-18,7.25,7.35,7.25,7.33,7.284513,26004871.0
2016-10-19,7.33,7.36,7.31,7.33,7.284513,21133623.0
2016-10-20,7.34,7.36,7.31,7.34,7.294451,28331045.0
2016-10-21,7.32,7.37,7.31,7.36,7.314327,27268805.0
2016-10-24,7.37,7.46,7.34,7.43,7.383893,55889593.0
2016-10-25,7.41,7.43,7.38,7.39,7.344141,25015959.0
2016-10-26,7.4,7.41,7.35,7.38,7.334203,13907784.0
2016-10-27,7.37,7.4,7.35,7.37,7.324265,13541596.0
2016-10-28,7.36,7.4,7.36,7.38,7.334203,18958133.0
2016-10-31,7.35,7.36,7.29,7.34,7.294451,21382023.0
2016-11-01,7.32,7.34,7.3,7.33,7.284513,17066503.0
2016-11-02,7.31,7.33,7.26,7.28,7.234824,21137616.0
2016-11-03,7.26,7.31,7.24,7.29,7.244761,16550641.0
2016-11-04,7.28,7.31,7.26,7.26,7.214948,18431630.0
2016-11-07,7.26,7.31,7.25,7.29,7.244761,18057830.0
2016-11-08,7.3,7.32,7.3,7.32,7.274576,20522247.0
2016-11-09,7.32,7.32,7.25,7.28,7.234824,21646904.0
2016-11-10,7.3,7.35,7.28,7.34,7.294451,36041037.0
2016-11-11,7.32,7.43,7.31,7.4,7.354079,47275505.0
2016-11-14,7.38,7.46,7.37,7.44,7.393831,49616961.0
2016-11-15,7.42,7.47,7.4,7.42,7.373955,34282595.0
2016-11-16,7.43,7.44,7.38,7.43,7.383893,27218146.0
2016-11-17,7.4,7.44,7.37,7.42,7.373955,25416195.0
2016-11-18,7.41,7.43,7.38,7.4,7.354079,16103326.0
2016-11-21,7.38,7.48,7.37,7.48,7.433582,48437568.0
2016-11-22,7.51,7.73,7.48,7.67,7.622404,128671500.0
2016-11-23,7.61,7.71,7.55,7.59,7.5429,65243023.0
2016-11-24,7.57,7.61,7.53,7.55,7.503149,39349299.0
2016-11-25,7.55,7.62,7.52,7.6,7.552838,52084042.0
2016-11-28,7.58,7.69,7.57,7.67,7.622404,52209563.0
2016-11-29,7.68,7.8,7.64,7.77,7.721783,87072454.0
2016-11-30,7.75,7.76,7.58,7.62,7.572713,56125175.0
2016-12-01,7.85,7.87,7.7,7.76,7.711845,101227256.0
2016-12-02,7.78,8.14,7.76,7.86,7.811224,154759796.0
2016-12-05,7.79,7.79,7.6,7.64,7.592589,66091433.0
2016-12-06,7.61,7.69,7.59,7.6,7.552838,34039640.0
2016-12-07,7.59,7.62,7.52,7.62,7.572713,35063710.0
2016-12-08,7.6,7.62,7.57,7.58,7.532962,22051771.0
2016-12-09,7.58,7.67,7.57,7.64,7.592589,38110104.0
2016-12-12,7.75,7.79,7.55,7.57,7.523024,60992352.0
2016-12-13,7.55,7.74,7.53,7.71,7.662155,57066920.0
2016-12-14,7.71,7.91,7.69,7.75,7.701907,76448869.0
2016-12-15,7.68,7.7,7.52,7.6,7.552838,54311745.0
2016-12-16,7.56,7.63,7.53,7.61,7.562776,29323274.0
2016-12-19,7.62,7.72,7.57,7.7,7.652217,40421035.0
2016-12-20,7.71,7.71,7.58,7.63,7.582652,31420238.0
2016-12-21,7.75,8.08,7.73,7.93,7.880789,151024402.0
2016-12-22,7.9,8.28,7.86,8.16,8.109363,166586747.0
2016-12-23,8.13,8.24,8.06,8.12,8.069611,83108504.0
2016-12-26,8.07,8.13,7.93,8.1,8.049735,68598146.0
2016-12-27,8.06,8.09,7.97,8.02,7.970232,49385070.0
2016-12-28,8.05,8.19,8.0,8.03,7.980169,66614894.0
2016-12-29,7.98,8.02,7.93,7.95,7.900666,38574755.0
2016-12-30,7.95,7.98,7.9,7.95,7.900666,24348142.0
2017-01-03,7.95,8.01,7.91,7.97,7.920542,44793060.0
2017-01-04,7.96,8.04,7.92,8.0,7.950356,39556853.0
2017-01-05,7.99,8.22,7.97,8.16,8.109363,78716533.0
2017-01-06,8.17,8.42,8.15,8.36,8.308121,116201023.0
2017-01-09,8.3,8.56,8.3,8.37,8.318059,78487628.0
2017-01-10,8.35,8.44,8.22,8.4,8.347874,47145986.0
2017-01-11,8.35,8.49,8.3,8.31,8.258432,51345438.0
2017-01-12,8.31,8.42,8.29,8.32,8.26837,38071438.0
2017-01-13,8.32,8.42,8.27,8.39,8.337935,34979813.0
2017-01-16,8.36,8.55,8.27,8.52,8.467129,91976630.0
2017-01-17,8.47,8.7,8.45,8.54,8.487004,64948709.0
2017-01-18,8.53,8.61,8.49,8.57,8.516818,21401405.0
2017-01-19,8.54,8.55,8.36,8.5,8.447253,46730402.0
2017-01-20,8.46,8.48,8.4,8.45,8.397563,25475108.0
2017-01-23,8.45,8.54,8.41,8.52,8.467129,31749218.0
2017-01-24,8.52,8.83,8.49,8.76,8.70564,58648360.0
2017-01-25,8.74,8.83,8.68,8.74,8.685763,31191955.0
2017-01-26,8.69,8.76,8.59,8.65,8.596321,50405831.0
2017-02-03,8.65,8.66,8.56,8.58,8.526756,20339492.0
2017-02-06,8.58,8.6,8.49,8.55,8.496943,55451194.0
2017-02-07,8.54,8.55,8.47,8.51,8.457191,32696792.0
2017-02-08,8.49,8.5,8.34,8.41,8.357811,72457918.0
2017-02-09,8.41,8.45,8.33,8.43,8.377687,102334870.0
2017-02-10,8.4,8.46,8.38,8.44,8.387625,81956660.0
2017-02-13,8.45,8.46,8.37,8.41,8.357811,76056756.0
2017-02-14,8.4,8.4,8.35,8.39,8.337935,38910834.0
2017-02-15,8.39,8.44,8.37,8.42,8.367749,56435751.0
2017-02-16,8.4,8.41,8.26,8.32,8.26837,83008496.0
2017-02-17,8.3,8.38,8.25,8.28,8.228618,54263514.0
2017-02-20,8.28,8.36,8.26,8.35,8.298184,52509917.0
2017-02-21,8.33,8.37,8.31,8.35,8.298184,35756293.0
2017-02-22,8.36,8.42,8.35,8.4,8.347874,55610341.0
2017-02-23,8.39,8.4,8.26,8.29,8.238556,46345419.0
2017-02-24,8.29,8.31,8.18,8.26,8.208742,66711214.0
2017-02-27,8.24,8.26,8.18,8.21,8.159052,32652070.0
2017-02-28,8.2,8.25,8.2,8.23,8.178927,22270942.0
2017-03-01,8.23,8.27,8.19,8.25,8.198804,27920217.0
2017-03-02,8.24,8.28,8.17,8.18,8.129239,33325821.0
2017-03-03,8.16,8.16,8.03,8.04,7.990107,57076187.0
2017-03-06,8.05,8.06,8.0,8.06,8.009983,27237504.0
2017-03-07,8.05,8.09,8.04,8.09,8.039797,29338086.0
2017-03-08,8.08,8.12,8.03,8.09,8.039797,44717164.0
2017-03-09,8.04,8.04,7.93,7.96,7.910604,59621009.0
2017-03-10,7.93,7.96,7.92,7.93,7.880789,28371475.0
2017-03-13,7.92,8.01,7.89,7.97,7.920542,36611412.0
2017-03-14,7.97,8.03,7.94,7.99,7.940417,30044331.0
2017-03-15,7.98,7.99,7.93,7.99,7.940417,33036528.0
2017-03-16,7.99,8.05,7.99,8.04,7.990107,33302385.0
2017-03-17,8.03,8.04,7.92,7.94,7.890728,38998911.0
2017-03-20,7.91,8.02,7.91,8.02,7.970232,51271325.0
2017-03-21,8.0,8.06,7.98,8.03,7.980169,42249232.0
2017-03-22,7.98,8.02,7.94,7.98,7.93048,36091109.0
2017-03-23,7.98,7.98,7.88,7.92,7.870852,40859219.0
2017-03-24,7.9,7.98,7.88,7.96,7.910604,37937493.0
2017-03-27,7.98,8.03,7.9,7.92,7.870852,47234463.0
2017-03-28,7.92,7.94,7.81,7.85,7.801286,47847276.0
2017-03-29,7.85,7.89,7.81,7.85,7.801286,27479948.0
2017-03-30,7.84,7.89,7.72,7.86,7.811224,55770291.0
2017-03-31,7.82,7.9,7.8,7.87,7.821162,36702631.0
2017-04-05,7.87,7.98,7.85,7.97,7.920542,54742973.0
2017-04-06,7.94,7.99,7.93,7.98,7.93048,40905455.0
2017-04-07,8.0,8.13,7.98,8.05,8.000046,81109305.0
2017-04-10,8.07,8.08,8.02,8.05,8.000046,40336719.0
2017-04-11,8.04,8.06,7.95,8.02,7.970232,43429243.0
2017-04-12,8.02,8.13,7.96,8.1,8.049735,44529145.0
2017-04-13,8.08,8.11,8.03,8.06,8.009983,29579233.0
2017-04-14,8.05,8.07,8.0,8.02,7.970232,27295881.0
2017-04-17,7.99,8.07,7.95,8.05,8.000046,34244924.0
2017-04-18,8.02,8.05,7.95,7.96,7.910604,25706975.0
2017-04-19,7.9,7.92,7.75,7.8,7.751596,37354420.0
2017-04-20,7.76,7.79,7.63,7.69,7.64228,42239459.0
2017-04-21,7.68,7.8,7.66,7.79,7.741658,28908705.0
2017-04-24,7.75,7.8,7.67,7.77,7.721783,29130393.0
2017-04-25,7.73,7.78,7.7,7.74,7.691969,17160668.0
2017-04-26,7.73,7.78,7.7,7.73,7.682031,27034112.0
2017-04-27,7.72,7.81,7.71,7.8,7.751596,27611438.0
2017-04-28,7.79,7.8,7.72,7.8,7.751596,23258709.0
2017-05-02,7.8,7.8,7.68,7.69,7.64228,25028726.0
2017-05-03,7.67,7.69,7.58,7.6,7.552838,35171106.0
2017-05-04,7.6,7.6,7.5,7.58,7.532962,33347081.0
2017-05-05,7.51,7.56,7.39,7.55,7.503149,57696495.0
2017-05-08,7.5,7.55,7.42,7.48,7.433582,34614069.0
2017-05-09,7.44,7.51,7.42,7.49,7.44352,18008148.0
2017-05-10,7.48,7.5,7.43,7.44,7.393831,17386400.0
2017-05-11,7.45,7.64,7.43,7.62,7.572713,68966786.0
2017-05-12,7.55,7.62,7.55,7.6,7.552838,33737585.0
2017-05-15,7.57,7.75,7.56,7.7,7.652217,46707292.0
2017-05-16,7.67,7.73,7.63,7.69,7.64228,25495558.0
2017-05-17,7.68,7.68,7.55,7.59,7.5429,42407095.0
2017-05-18,7.55,7.63,7.52,7.62,7.572713,26458652.0
2017-05-19,7.62,7.66,7.58,7.6,7.552838,25690963.0
2017-05-22,7.67,7.71,7.63,7.69,7.64228,37301795.0
2017-05-23,7.68,7.79,7.65,7.79,7.741658,55761549.0
2017-05-24,7.75,7.79,7.68,7.75,7.701907,30590213.0
2017-05-25,7.73,7.9,7.7,7.87,7.821162,50157737.0
2017-05-26,7.79,7.85,7.77,7.8,7.751596,41162958.0
2017-05-31,7.8,7.86,7.73,7.82,7.771473,33158474.0
2017-06-01,7.78,7.88,7.75,7.85,7.801286,43139929.0
2017-06-02,7.83,7.9,7.76,7.77,7.721783,38275464.0
2017-06-05,7.74,7.76,7.65,7.74,7.691969,36042371.0
2017-06-06,7.71,7.74,7.69,7.72,7.672093,15206205.0
2017-06-07,7.73,7.75,7.69,7.75,7.701907,27446830.0
2017-06-08,7.72,7.75,7.69,7.73,7.682031,31988109.0
2017-06-09,7.71,7.79,7.7,7.73,7.682031,27179738.0
2017-06-12,7.71,7.73,7.64,7.64,7.592589,25840367.0
2017-06-13,7.61,7.66,7.6,7.65,7.602527,16708856.0
2017-06-14,7.63,7.67,7.62,7.66,7.612465,16544242.0
2017-06-15,7.63,7.67,7.59,7.65,7.602527,19972561.0
2017-06-16,7.63,7.66,7.59,7.65,7.602527,20319473.0
2017-06-19,7.64,7.67,7.63,7.65,7.602527,17585815.0
2017-06-20,7.66,7.7,7.64,7.7,7.652217,23515978.0
2017-06-21,7.7,7.73,7.65,7.72,7.672093,22622756.0
2017-06-22,7.68,7.76,7.65,7.69,7.66015,29045153.0
2017-06-23,7.64,7.75,7.62,7.74,7.709956,33266978.0
2017-06-26,7.72,7.76,7.71,7.73,7.699995,26395813.0
2017-06-27,7.72,7.74,7.66,7.7,7.670111,24867905.0
2017-06-28,7.68,7.74,7.67,7.69,7.66015,25155911.0
2017-06-29,7.7,7.72,7.65,7.69,7.66015,24595993.0
2017-06-30,7.66,7.73,7.64,7.69,7.66015,17653192.0
2017-07-03,7.7,7.74,7.67,7.74,7.709956,19488606.0
2017-07-04,7.74,7.86,7.74,7.83,7.799606,53288809.0
2017-07-05,7.82,7.83,7.78,7.81,7.779684,20691776.0
2017-07-06,7.79,7.88,7.78,7.83,7.799606,33832100.0
2017-07-07,7.81,7.84,7.78,7.8,7.769723,18230510.0
2017-07-10,7.8,7.91,7.78,7.84,7.809567,36944858.0
2017-07-11,7.84,7.9,7.82,7.84,7.809567,28131084.0
2017-07-12,7.85,7.86,7.74,7.79,7.759762,28920647.0
2017-07-13,7.79,7.89,7.77,7.89,7.859373,43009209.0
2017-07-14,7.9,7.94,7.86,7.89,7.859373,31718231.0
2017-07-17,7.88,8.14,7.78,8.13,8.098442,127291134.0
2017-07-18,8.05,8.12,7.99,8.06,8.028714,80143891.0
2017-07-19,8.02,8.12,8.01,8.11,8.078519,67786007.0
2017-07-20,8.09,8.14,8.07,8.11,8.078519,43466345.0
2017-07-21,8.1,8.12,8.01,8.03,7.99883,33842063.0
2017-07-24,8.0,8.06,7.99,8.01,7.978908,30547021.0
2017-07-25,8.0,8.15,7.99,8.07,8.038674,48473302.0
2017-07-26,8.1,8.19,8.07,8.19,8.158209,64278572.0
2017-07-27,8.28,8.3,8.12,8.15,8.118363,65010618.0
2017-07-28,8.12,8.14,8.03,8.1,8.068559,43078145.0
2017-07-31,8.1,8.16,8.07,8.13,8.098442,32503149.0
2017-08-01,8.16,8.24,8.13,8.23,8.198053,47033800.0
2017-08-02,8.19,8.2,8.12,8.14,8.108403,40122876.0
2017-08-03,8.15,8.17,8.07,8.11,8.078519,29118446.0
2017-08-04,8.07,8.26,8.07,8.18,8.148248,48838636.0
2017-08-07,8.18,8.23,8.12,8.19,8.158209,26026160.0
2017-08-08,8.17,8.2,8.13,8.18,8.148248,23563131.0
2017-08-09,8.17,8.18,8.12,8.12,8.088481,20122058.0
2017-08-10,8.13,8.16,8.03,8.09,8.058598,37198009.0
2017-08-11,8.03,8.06,7.88,7.97,7.939063,57845790.0
2017-08-14,7.94,7.96,7.9,7.95,7.91914,28246231.0
2017-08-15,7.93,7.97,7.91,7.93,7.899218,23089292.0
2017-08-16,7.93,7.94,7.88,7.9,7.869335,27964493.0
2017-08-17,7.91,7.93,7.89,7.93,7.899218,30690868.0
2017-08-18,7.89,7.97,7.87,7.95,7.91914,31139822.0
2017-08-21,7.98,8.03,7.95,8.02,7.988869,32544562.0
2017-08-22,8.02,8.04,7.97,8.01,7.978908,21880526.0
2017-08-23,8.01,8.04,7.98,7.99,7.958985,18377500.0
2017-08-24,8.01,8.03,7.95,7.96,7.929102,19566103.0
2017-08-25,8.03,8.1,8.0,8.07,8.038674,53153297.0
2017-08-28,8.1,8.23,8.08,8.2,8.16817,63427127.0
2017-08-29,8.2,8.21,8.1,8.12,8.088481,33692654.0
2017-08-30,8.11,8.19,8.09,8.13,8.098442,27404019.0
2017-08-31,8.1,8.13,8.08,8.11,8.078519,21613910.0
2017-09-01,8.14,8.15,8.07,8.09,8.058598,32021967.0
2017-09-04,8.09,8.12,8.07,8.1,8.068559,30874353.0
2017-09-05,8.09,8.13,8.05,8.08,8.048635,23336691.0
2017-09-06,8.08,8.16,8.08,8.14,8.108403,36160512.0
2017-09-07,8.15,8.16,8.08,8.09,8.058598,27271901.0
2017-09-08,8.09,8.11,8.06,8.08,8.048635,18564023.0
2017-09-11,8.06,8.1,8.05,8.08,8.048635,20652343.0
2017-09-12,8.09,8.1,8.01,8.03,7.99883,25260249.0
2017-09-13,8.01,8.05,8.0,8.03,7.99883,14689265.0
2017-09-14,8.03,8.07,8.02,8.03,7.99883,19559898.0
2017-09-15,7.99,8.01,7.95,7.98,7.98,21291532.0
2017-09-18,7.98,8.03,7.96,8.0,8.0,20191043.0
2017-09-19,7.98,8.01,7.95,7.97,7.97,16689203.0
2017-09-20,7.97,7.98,7.93,7.94,7.94,19783596.0
2017-09-21,7.94,7.98,7.94,7.97,7.97,12227359.0
2017-09-22,7.96,7.97,7.87,7.95,7.95,22784880.0
2017-09-25,7.91,8.09,7.89,8.06,8.06,56883099.0
2017-09-26,8.08,8.15,8.05,8.09,8.09,38019689.0
2017-09-27,8.07,8.1,8.04,8.05,8.05,22488757.0
2017-09-28,8.04,8.05,7.95,8.0,8.0,25997665.0
2017-09-29,8.0,8.02,7.95,7.99,7.99,17017022.0
2017-10-09,7.99,8.04,7.96,7.98,7.98,27263565.0
2017-10-10,7.98,8.0,7.96,8.0,8.0,17384518.0
2017-10-11,8.0,8.01,7.98,8.0,8.0,19773912.0
2017-10-12,8.0,8.0,7.95,7.97,7.97,17028397.0
2017-10-13,7.97,7.98,7.95,7.98,7.98,14901303.0
2017-10-16,7.98,8.06,7.97,8.05,8.05,43276196.0
2017-10-17,8.05,8.09,8.02,8.05,8.05,24339844.0
2017-10-18,8.05,8.28,8.03,8.25,8.25,100724114.0
2017-10-19,8.2,8.28,8.17,8.27,8.27,61444543.0
2017-10-20,8.21,8.22,8.13,8.15,8.15,34397721.0
2017-10-23,8.14,8.15,8.09,8.15,8.15,27878408.0
2017-10-24,8.13,8.23,8.12,8.17,8.17,41247155.0
2017-10-25,8.15,8.17,8.1,8.13,8.13,26901697.0
2017-10-26,8.13,8.17,8.09,8.17,8.17,29204612.0
2017-10-27,8.18,8.19,8.1,8.13,8.13,35602117.0
2017-10-30,8.15,8.35,8.11,8.3,8.3,101277166.0
2017-10-31,8.27,8.3,8.22,8.27,8.27,47719652.0
2017-11-01,8.27,8.43,8.25,8.39,8.39,82155133.0
2017-11-02,8.36,8.43,8.33,8.39,8.39,46492657.0
2017-11-03,8.39,8.5,8.27,8.32,8.32,68350588.0
2017-11-06,8.38,8.46,8.31,8.38,8.38,61862747.0
2017-11-07,8.45,8.67,8.44,8.59,8.59,115952801.0
2017-11-08,8.55,8.57,8.44,8.5,8.5,81422046.0
2017-11-09,8.49,8.53,8.44,8.52,8.52,38032806.0
2017-11-10,8.5,8.54,8.34,8.39,8.39,56177006.0
2017-11-13,8.4,8.45,8.31,8.4,8.4,49540379.0
2017-11-14,8.37,8.42,8.33,8.36,8.36,32852671.0
2017-11-15,8.3,8.3,8.14,8.15,8.15,57290210.0
2017-11-16,8.14,8.17,8.06,8.08,8.08,40260747.0
2017-11-17,8.1,8.13,8.04,8.12,8.12,60639415.0
2017-11-20,8.11,8.23,8.1,8.18,8.18,61241078.0
2017-11-21,8.14,8.27,8.06,8.22,8.22,63231898.0
2017-11-22,8.21,8.43,8.18,8.4,8.4,77470846.0
2017-11-23,8.41,8.47,8.28,8.29,8.29,77924571.0
2017-11-24,8.27,8.44,8.22,8.4,8.4,64856515.0
2017-11-27,8.4,8.55,8.32,8.34,8.34,58173563.0
2017-11-28,8.31,8.35,8.18,8.21,8.21,47254026.0
2017-11-29,8.21,8.34,8.19,8.24,8.24,42474295.0
2017-11-30,8.18,8.25,8.14,8.17,8.17,34723556.0
2017-12-01,8.18,8.21,8.12,8.16,8.16,27725425.0
2017-12-04,8.16,8.22,8.16,8.2,8.2,8848451.0
